id,rikishi,matches,wins,losses,pct,top_rank,favored_kimarite,alt_shikona2,alt_shikona3
1123,Hakuho,1333,1121,212,0.84,Yokozuna,yorikiri,,
7,Kaio,1598,956,642,0.6,Ozeki,yorikiri,Koga,
89,Aminishiki,1700,831,869,0.49,Sekiwake,yorikiri,,
41,Kyokutenho,1715,827,888,0.48,Sekiwake,yorikiri,,
39,Wakanosato,1473,781,692,0.53,Sekiwake,yorikiri,Kogawa,
1226,Kotoshogiku,1399,760,639,0.54,Ozeki,yorikiri,,
1111,Harumafuji,1154,752,402,0.65,Yokozuna,yorikiri,Ama,
2,Takanohana,1004,751,253,0.75,Yokozuna,yorikiri,Takahanada,
1235,Kisenosato,1214,742,472,0.61,Yokozuna,yorikiri,Hagiwara,
33,Terao,1595,740,855,0.46,Sekiwake,hatakikomi,Genjiyama,
4,Musashimaru,1017,733,284,0.72,Yokozuna,oshidashi,,
13,Tosanoumi,1444,713,731,0.49,Sekiwake,oshidashi,,
8,Chiyotaikai,1197,703,494,0.59,Ozeki,oshidashi,,
9,Akinoshima,1362,694,668,0.51,Sekiwake,yorikiri,,
1287,Konishiki,1185,690,495,0.58,Ozeki,yorikiri,,
1219,Kakuryu,1119,689,430,0.62,Yokozuna,yorikiri,,
5,Takanonami,1188,688,500,0.58,Ozeki,yorikiri,Namioka,
5944,Tamawashi,1380,685,695,0.5,Sekiwake,oshidashi,,
1284,Takekaze,1422,678,744,0.48,Sekiwake,oshidashi,Narita,
28,Mitoizumi,1367,675,692,0.49,Sekiwake,yorikiri,,
6468,Goeido,1123,645,478,0.57,Ozeki,yorikiri,Sawai,
10,Tochinonada,1335,644,691,0.48,Sekiwake,yorikiri,Goto,
842,Miyabiyama,1224,641,583,0.52,Ozeki,oshidashi,Takeuchi,
14,Kotonowaka,1311,638,673,0.49,Sekiwake,yorikiri,,
878,Asashoryu,786,622,164,0.79,Yokozuna,yorikiri,,
1009,Asasekiryu,1258,616,642,0.49,Sekiwake,yorikiri,,
6599,Tochinoshin,1195,610,585,0.51,Ozeki,yorikiri,,
5967,Yoshikaze,1236,605,631,0.49,Sekiwake,yorikiri,Onishi,
18,Takatoriki,1204,604,600,0.5,Sekiwake,oshidashi,Kamakari,
1,Akebono,821,604,217,0.74,Yokozuna,oshidashi,,
6473,Tochiozan,1186,604,582,0.51,Sekiwake,oshidashi,Kageyama,
37,Kotoinazuma,1262,596,666,0.47,Komusubi,yorikiri,,
31,Dejima,1074,582,492,0.54,Ozeki,oshidashi,,
1227,Toyonoshima,1141,582,559,0.51,Sekiwake,yorikiri,,
30,Kitakachidoki,1216,575,641,0.47,Maegashira3,yorikiri,Kuga,
1292,Kotogaume,1148,573,575,0.5,Sekiwake,oshidashi,,
17,Tamakasuga,1191,571,620,0.48,Sekiwake,oshidashi,,
6463,Okinoumi,1177,566,611,0.48,Sekiwake,yorikiri,Fukuoka,
6480,Takayasu,998,561,437,0.56,Ozeki,yorikiri,,
12,Kotonishiki,1053,559,494,0.53,Sekiwake,yorikiri,Kotomatsuzawa,
1301,Kirishima,1091,558,533,0.51,Ozeki,yorikiri,,
11728,Takarafuji,1142,550,592,0.48,Sekiwake,yorikiri,,
876,Kotomitsuki,912,549,363,0.6,Ozeki,yorikiri,Kototamiya,
23,Tochinowaka,1150,548,602,0.48,Sekiwake,yorikiri,Kaseda,
51,Daizen,1116,542,574,0.49,Komusubi,yorikiri,,
1354,Chiyonofuji,632,541,91,0.86,Yokozuna,yorikiri,,
6,Musoyama,917,540,377,0.59,Ozeki,oshidashi,,
40,Kaiho,1158,540,618,0.47,Komusubi,yorikiri,Kumagaya,
63,Otsukasa,1132,531,601,0.47,Maegashira4,yorikiri,Ouchi,
49,Misugisato,1116,530,586,0.47,Komusubi,yorikiri,,
11784,Myogiryu,1059,527,532,0.5,Sekiwake,oshidashi,Miyamoto,
11786,Aoiyama,1058,527,531,0.5,Sekiwake,hatakikomi,,
875,Takamisakari,1075,526,549,0.49,Komusubi,yorikiri,Kato,
1302,Takamisugi,1116,523,593,0.47,Komusubi,oshidashi,,
34,Asanowaka,1112,522,590,0.47,Maegashira1,oshidashi,Wakaadachi,
3,Wakanohana,789,521,268,0.66,Yokozuna,yorikiri,Wakahanada,
19,Tochiazuma,828,518,310,0.63,Ozeki,oshidashi,Shiga,
60,Toyonoumi,1059,515,544,0.49,Maegashira1,yorikiri,Takanohama,
152,Tamanoshima,1072,514,558,0.48,Sekiwake,yorikiri,Tamanonada,
2818,Tokitenku,1034,504,530,0.49,Komusubi,yorikiri,,
1342,Asahifuji,782,498,284,0.64,Yokozuna,yorikiri,,
15,Oginishiki,1019,498,521,0.49,Komusubi,yorikiri,,
1339,Hokutoumi,724,496,228,0.69,Yokozuna,oshidashi,Hoshi,
87,Wakanoyama,1023,490,533,0.48,Komusubi,oshidashi,,
2830,Kotooshu,820,490,330,0.6,Ozeki,yorikiri,,
11,Aogiyama,1009,477,532,0.47,Maegashira1,oshidashi,Teraki,
35,Kyokushuzan,1038,477,561,0.46,Komusubi,uwatenage,,
6753,Kaisei,974,473,501,0.49,Sekiwake,yorikiri,,
6467,Toyohibiki,956,466,490,0.49,Maegashira2,oshidashi,Kadomoto,
11934,Chiyotairyu,924,448,476,0.48,Komusubi,oshidashi,Meigetsuin,
1350,Onokuni,672,440,232,0.65,Yokozuna,yorikiri,,
12055,Endo,844,436,408,0.52,Komusubi,yorikiri,,
44,Kushimaumi,863,435,428,0.5,Maegashira1,yorikiri,Kushima,
50,Tokitsuumi,905,435,470,0.48,Maegashira3,yorikiri,,
70,Kitazakura,907,435,472,0.48,Maegashira9,yorikiri,,
813,Kitataiki,907,435,472,0.48,Maegashira2,yorikiri,,
2879,Sadanoumi,902,434,468,0.48,Maegashira1,yorikiri,,
11985,Daieisho,810,429,381,0.53,Sekiwake,oshidashi,,
16,Minatofuji,920,421,499,0.46,Maegashira2,yorikiri,,
1018,Shimotori,839,420,419,0.5,Komusubi,yorikiri,Shimootori,
1363,Hokutenyu,668,415,253,0.62,Ozeki,yorikiri,,
1337,Tochitsukasa,829,414,415,0.5,Sekiwake,oshidashi,,
78,Toyozakura,870,413,457,0.47,Maegashira5,oshidashi,,
6572,Gagamaru,876,413,463,0.47,Komusubi,oshidashi,,
6614,Shohozan,879,412,467,0.47,Komusubi,oshidashi,Matsutani,
48,Oginohana,816,410,406,0.5,Maegashira2,yorikiri,,
29,Kotoryu,845,409,436,0.48,Maegashira1,yorikiri,,
1332,Sakahoko,870,406,464,0.47,Sekiwake,yorikiri,,
1334,Wakasegawa,845,405,440,0.48,Maegashira1,yorikiri,,
11726,Tokushoryu,837,401,436,0.48,Maegashira2,yorikiri,Aoki,
12210,Mitakeumi,709,401,308,0.57,Ozeki,oshidashi,,
96,Jumonji,850,393,457,0.46,Maegashira6,yorikiri,Kaigatake,
1187,Kokkai,832,392,440,0.47,Komusubi,yorikiri,,
26,Higonoumi,862,388,474,0.45,Maegashira1,yorikiri,,
6432,Baruto,589,384,205,0.65,Ozeki,yorikiri,,
107,Kasuganishiki,798,383,415,0.48,Maegashira5,yorikiri,,
9079,Kotoyuki,739,381,358,0.52,Sekiwake,oshidashi,,
11927,Terunofuji,603,378,225,0.63,Yokozuna,yorikiri,Wakamisho,
1338,Ozutsu,855,377,478,0.44,Sekiwake,yorikiri,,
62,Daishi,807,377,430,0.47,Maegashira3,yorikiri,,
135,Hokutoriki,792,377,415,0.48,Sekiwake,oshidashi,,
25,Hamanoshima,816,375,441,0.46,Komusubi,yorikiri,Hamasu,
12130,Shodai,700,374,326,0.53,Ozeki,yorikiri,,
865,Kasugao,775,373,402,0.48,Maegashira3,yorikiri,,
6491,Ikioi,776,372,404,0.48,Sekiwake,oshidashi,,
1303,Kotofuji,783,371,412,0.47,Sekiwake,yorikiri,Kotoosugi,
12043,Onosho,715,371,344,0.52,Komusubi,oshidashi,,
1087,Iwakiyama,721,369,352,0.51,Komusubi,yorikiri,,
1296,Kasugafuji,783,368,415,0.47,Maegashira1,oshidashi,,
1345,Tamaryu,795,366,429,0.46,Komusubi,yorikiri,,
1310,Kirinishiki,764,366,398,0.48,Maegashira2,yorikiri,,
6018,Homasho,691,365,326,0.53,Komusubi,yorikiri,,
12107,Ichinojo,670,364,306,0.54,Sekiwake,yorikiri,,
53,Tokitsunada,737,362,375,0.49,Maegashira4,yorikiri,,
1317,Hananokuni,748,361,387,0.48,Maegashira1,yorikiri,,
42,Mainoumi,771,361,410,0.47,Komusubi,shitatenage,Nagao,
38,Toki,765,361,404,0.47,Komusubi,hatakikomi,,
52,Tomonohana,734,357,377,0.49,Komusubi,shitatenage,,
12191,Takakeisho,566,357,209,0.63,Ozeki,oshidashi,Sato,
1295,Kyokudozan,757,355,402,0.47,Komusubi,yorikiri,,
7240,Chiyomaru,737,355,382,0.48,Maegashira5,oshidashi,,
1315,Enazakura,736,353,383,0.48,Maegashira1,oshidashi,,
1285,Asahisato,735,353,382,0.48,Maegashira14,yorikiri,,
1348,Jingaku,783,350,433,0.45,Komusubi,yorikiri,,
1333,Sasshunada,723,349,374,0.48,Maegashira1,oshidashi,,
22,Gojoro,708,348,360,0.49,Maegashira3,hatakikomi,,
795,Tamaasuka,753,347,406,0.46,Maegashira9,yorikiri,,
7239,Kyokushuho,699,347,352,0.5,Maegashira4,yorikiri,,
11845,Kagayaki,728,346,382,0.48,Maegashira3,oshidashi,Tatsu,
1204,Kakizoe,738,345,393,0.47,Komusubi,oshidashi,,
71,Takanowaka,691,343,348,0.5,Sekiwake,yorikiri,Takaozaki,
145,Kobo,723,342,381,0.47,Maegashira9,yorikiri,Mineyama,
45,Daishoho,712,340,372,0.48,Komusubi,yorikiri,Murata,
1347,Itai,765,339,426,0.44,Komusubi,oshidashi,,
1352,Tagaryu,751,334,417,0.44,Sekiwake,yorikiri,,
47,Chiyotenzan,725,334,391,0.46,Komusubi,yorikiri,,
1353,Daijuyama,737,333,404,0.45,Sekiwake,yorikiri,,
12239,Hokutofuji,619,333,286,0.54,Komusubi,oshidashi,Daiki,
5985,Satoyama,703,331,372,0.47,Maegashira12,oshidashi,,
1361,Daitetsu,707,329,378,0.47,Komusubi,yorikiri,,
97,Tochinohana,693,329,364,0.47,Komusubi,yorikiri,Yachi,
6642,Chiyonokuni,636,327,309,0.51,Maegashira1,hatakikomi,,
1359,Koboyama,711,321,390,0.45,Sekiwake,yorikiri,,
1379,Asashio,528,320,208,0.61,Ozeki,yorikiri,,
11723,Azumaryu,648,318,330,0.49,Maegashira11,yorikiri,,
1299,Kiraiho,657,312,345,0.47,Maegashira4,yorikiri,,
7153,Kotoeko,648,307,341,0.47,Maegashira4,yorikiri,,
20,Shikishima,653,306,347,0.47,Maegashira1,yorikiri,Yoshitane,
72,Tochisakae,617,306,311,0.5,Maegashira1,oshidashi,Okamoto,Tochinoiwa
1305,Kyokugozan,633,305,328,0.48,Maegashira9,oshidashi,,
2834,Futeno,639,304,335,0.48,Komusubi,yorikiri,Uchida,
4980,Sokokurai,617,301,316,0.49,Maegashira2,yorikiri,,
58,Oikari,592,296,296,0.5,Maegashira11,oshidashi,,
175,Ushiomaru,601,296,305,0.49,Maegashira10,oshidashi,,
11724,Takanoiwa,557,293,264,0.53,Maegashira2,yorikiri,,
1141,Shotenro,619,289,330,0.47,Maegashira2,oshidashi,Musashiryu,
43,Kinkaiyama,591,287,304,0.49,Maegashira6,yorikiri,,
1369,Toryu,645,286,359,0.44,Sekiwake,yorikiri,,
6596,Nishikigi,592,286,306,0.48,Maegashira1,oshidashi,,
1330,Ryogoku,584,283,301,0.48,Komusubi,yorikiri,Kobayashiyama,
1364,Masurao,548,282,266,0.51,Sekiwake,yorikiri,Tejima,
64,Yotsukasa,607,280,327,0.46,Maegashira11,oshidashi,Suzuki,
11785,Chiyoshoma,591,280,311,0.47,Maegashira2,yorikiri,,
11946,Meisei,553,279,274,0.5,Sekiwake,yorikiri,,
1374,Kurama,605,278,327,0.46,Komusubi,yorikiri,,
12051,Ishiura,564,276,288,0.49,Maegashira5,yorikiri,,
1375,Masudayama,600,274,326,0.46,Sekiwake,hatakikomi,,
1290,Wakashoyo,561,274,287,0.49,Sekiwake,yorikiri,Shidenryu,Babaguchi
12113,Tsurugisho,556,271,285,0.49,Maegashira7,yorikiri,Abiko,
1294,Naminohana,560,270,290,0.48,Komusubi,oshidashi,,
8904,Homarefuji,565,270,295,0.48,Maegashira6,oshidashi,,
36,Asanosho,564,268,296,0.48,Maegashira2,oshidashi,Ozawa,Asasoyo
11855,Takanosho,495,268,227,0.54,Sekiwake,oshidashi,Masunosho,
1335,Takanofuji,616,266,350,0.43,Komusubi,yorikiri,,
12094,Abi,482,265,217,0.55,Sekiwake,oshidashi,Horikiri,
12026,Hidenoumi,538,264,274,0.49,Maegashira6,yorikiri,Iwasaki,
900,Wakakoyu,547,263,284,0.48,Komusubi,oshidashi,Yakigaya,
2842,Sadanofuji,588,263,325,0.45,Maegashira2,oshidashi,,
1380,Hidanohana,557,262,295,0.47,Maegashira2,yorikiri,,
1286,Kenko,559,262,297,0.47,Komusubi,yorikiri,,
2832,Arawashi,567,262,305,0.46,Maegashira2,yorikiri,,
113,Asofuji,550,259,291,0.47,Maegashira13,oshidashi,,
1372,Maenoshin,531,253,278,0.48,Komusubi,yorikiri,,
105,Buyuzan,531,251,280,0.47,Maegashira1,oshidashi,Tominagayama,
4127,Wakashimazu,395,250,145,0.63,Ozeki,yorikiri,,
6594,Ryuden,496,250,246,0.5,Komusubi,yorikiri,,
55,Zenshinyama,539,249,290,0.46,Juryo2,oshidashi,,
129,Hayateumi,461,249,212,0.54,Sekiwake,yorikiri,Saito,
6928,Chiyootori,472,246,226,0.52,Komusubi,yorikiri,,
11840,Chiyonoo,526,246,280,0.47,Maegashira14,yorikiri,Chiyoo,
864,Bushuyama,535,245,290,0.46,Maegashira3,yorikiri,,
1356,Kinoarashi,506,244,262,0.48,Maegashira8,yorikiri,,
371,Kyokunankai,500,243,257,0.49,Maegashira16,yorikiri,,
6010,Kimurayama,521,242,279,0.46,Maegashira7,oshidashi,,
2851,Fujiazuma,517,242,275,0.47,Maegashira4,oshidashi,,
8900,Akiseyama,546,241,305,0.44,Maegashira12,yorikiri,Fukao,
6531,Asahisho,508,240,268,0.47,Maegashira11,oshidashi,,
12291,Asanoyama,391,240,151,0.61,Ozeki,yorikiri,,
1378,Hoo,516,239,277,0.46,Sekiwake,yorikiri,,
4136,Futahaguro,349,239,110,0.68,Yokozuna,yorikiri,Kitao,
11868,Terutsuyoshi,513,239,274,0.47,Maegashira3,oshidashi,,
1376,Hananoumi,484,237,247,0.49,Komusubi,yorikiri,,
1311,Kototsubaki,479,235,244,0.49,Maegashira3,yorikiri,,
6559,Seiro,509,235,274,0.46,Maegashira14,yorikiri,,
88,Tamarikido,484,234,250,0.48,Maegashira8,yorikiri,,
2847,Masatsukasa,467,233,234,0.5,Maegashira8,oshidashi,,
21,Asahiyutaka,488,232,256,0.48,Komusubi,yorikiri,,
92,Harunoyama,479,232,247,0.48,Maegashira10,yorikiri,Haruyama,
12292,Yutakayama,491,232,259,0.47,Maegashira1,oshidashi,Oyanagi,
1309,Tamakairiki,488,230,258,0.47,Maegashira8,yorikiri,,
1331,Saganobori,494,229,265,0.46,Maegashira14,yorikiri,,
1307,Daishoyama,464,228,236,0.49,Maegashira2,yorikiri,,
4131,Tochitsurugi,511,225,286,0.44,Maegashira2,oshidashi,,
4099,Kirinji,512,225,287,0.44,Komusubi,oshidashi,,
1362,Onohana,465,224,241,0.48,Maegashira13,yorikiri,,
7115,Tosayutaka,453,222,231,0.49,Maegashira1,yorikiri,,
12203,Tobizaru,445,221,224,0.5,Komusubi,oshidashi,Iwasaki,
1421,Roho,405,220,185,0.54,Komusubi,yorikiri,,
12370,Wakatakakage,383,220,163,0.57,Sekiwake,yorikiri,,
6497,Daido,470,219,251,0.47,Maegashira8,uwatenage,Nakanishi,
1136,Mokonami,440,218,222,0.5,Maegashira6,yorikiri,,
6771,Aran,465,218,247,0.47,Sekiwake,hatakikomi,,
4126,Sadanoumi,501,217,284,0.43,Komusubi,yorikiri,,
1358,Hoshiiwato,466,217,249,0.47,Maegashira14,yorikiri,Hoshikabuto,
287,Wakatoba,466,214,252,0.46,Maegashira11,oshidashi,Yamada,
27,Wakanojo,457,211,246,0.46,Maegashira6,yorikiri,Aka,
4116,Dewanohana,462,210,252,0.45,Sekiwake,yorikiri,,
4094,Onishiki,454,209,245,0.46,Maegashira1,yorikiri,,
1288,Kotobeppu,478,209,269,0.44,Maegashira1,yorikiri,,
12231,Kirishima,375,209,166,0.56,Ozeki,yorikiri,Kiribayama,
4078,Oshio,440,207,233,0.47,Maegashira1,yorikiri,,
4130,Hachiya,420,206,214,0.49,Maegashira6,yorikiri,,
99,Shunketsu,444,204,240,0.46,Maegashira12,yorikiri,Komahikari,Ishide
225,Takanotsuru,436,204,232,0.47,Maegashira8,yorikiri,Sekiyama,
1032,Hochiyama,451,204,247,0.45,Maegashira14,yorikiri,,
6770,Tenkaiho,437,202,235,0.46,Maegashira8,yorikiri,Minami,
66,Wakahayato,418,199,219,0.48,Juryo3,yorikiri,,
12144,Daishomaru,412,199,213,0.48,Maegashira5,oshidashi,Kawabata,
12024,Shimanoumi,410,199,211,0.49,Maegashira3,oshidashi,,
1367,Fujinoshin,417,198,219,0.47,Maegashira1,yorikiri,Fujihikari,
157,Tomoefuji,399,198,201,0.5,Komusubi,yorikiri,,
6034,Sagatsukasa,432,198,234,0.46,Maegashira9,oshidashi,Isobe,
11971,Jokoryu,413,198,215,0.48,Komusubi,yorikiri,Sakumayama,
11987,Osunaarashi,370,197,173,0.53,Maegashira1,yorikiri,,
7121,Tokushinho,419,195,224,0.47,Juryo6,oshidashi,,
8899,Kyokutaisei,395,194,201,0.49,Maegashira8,oshidashi,,
24,Ganyu,447,193,254,0.43,Maegashira1,yorikiri,,
206,Kotokasuga,399,193,206,0.48,Maegashira7,yorikiri,,
81,Wakakosho,400,190,210,0.47,Maegashira14,yorikiri,,
163,Senshuyama,405,190,215,0.47,Juryo1,oshidashi,,
1011,Hakuba,379,188,191,0.5,Komusubi,yorikiri,,
1306,Hitachiryu,381,187,194,0.49,Maegashira14,yorikiri,,
1297,Dairyu,380,184,196,0.48,Juryo4,yorikiri,,
1106,Koryu,381,184,197,0.48,Maegashira11,oshidashi,,
4138,Tochimatoi,379,182,197,0.48,Maegashira11,oshidashi,,
1241,Kitaharima,398,182,216,0.46,Maegashira15,oshidashi,,
4140,Chikubayama,359,181,178,0.5,Maegashira13,oshidashi,,
874,Hamanishiki,402,179,223,0.45,Maegashira11,yorikiri,Takahama,
12270,Kotonowaka,305,176,129,0.58,Komusubi,yorikiri,Kotokamatani,
4311,Hakuryu,381,175,206,0.46,Juryo2,yorikiri,,
4107,Kaiki,390,175,215,0.45,Maegashira3,yorikiri,,
73,Kanechika,376,175,201,0.47,Juryo2,yorikiri,Gassan,
1289,Rikio,324,175,149,0.54,Maegashira9,uwatenage,,
6767,Tochinowaka,370,175,195,0.47,Maegashira1,yorikiri,,
1243,Katayama,376,174,202,0.46,Maegashira13,oshidashi,,
12226,Ura,319,172,147,0.54,Maegashira1,oshidashi,,
1402,Hakurozan,360,171,189,0.47,Maegashira2,hatakikomi,,
4100,Kaneshiro,390,170,220,0.44,Maegashira1,yorikiri,Tochihikari,
6654,Masunoyama,351,170,181,0.48,Maegashira4,oshidashi,,
898,Chiyohakuho,336,167,169,0.5,Maegashira6,oshidashi,,
160,Tatsuhikari,345,164,181,0.48,Maegashira6,yorikiri,,
6552,Sotairyu,354,164,190,0.46,Maegashira15,oshidashi,,
12273,Daiamami,341,164,177,0.48,Maegashira11,yorikiri,Sakamoto,
5988,Oiwato,372,162,210,0.44,Maegashira16,oshidashi,Kanbayashi,
46,Dewaarashi,332,159,173,0.48,Maegashira14,yorikiri,,
12451,Hoshoryu,270,158,112,0.59,Sekiwake,yorikiri,,
4117,Misugiiso,346,153,193,0.44,Maegashira4,yorikiri,Azumanada,
2929,Kagamio,311,153,158,0.49,Maegashira9,yorikiri,,
4124,Shishiho,319,152,167,0.48,Maegashira2,yorikiri,,
4137,Fujinokawa,305,151,154,0.5,Maegashira3,yorikiri,Hattori,
6620,Sakaizawa,292,151,141,0.52,Maegashira15,yorikiri,,
1314,Owakamatsu,304,149,155,0.49,Maegashira13,yorikiri,,
54,Ohinode,308,149,159,0.48,Maegashira9,yorikiri,,
67,Tochinofuji,311,147,164,0.47,Maegashira11,oshidashi,,
4104,Takanosato,197,145,52,0.74,Yokozuna,yorikiri,,
1319,Tachihikari,305,145,160,0.48,Maegashira15,uwatenage,,
226,Wakatenro,321,145,176,0.45,Juryo2,oshidashi,,
5984,Shirononami,308,145,163,0.47,Juryo4,yorikiri,Shiraishi,
4112,Kotokaze,222,144,78,0.65,Ozeki,yorikiri,,
1397,Ishinriki,304,142,162,0.47,Juryo1,shitatenage,,
32,Akinoshu,288,142,146,0.49,Maegashira9,yorikiri,,
4102,Aobajo,327,141,186,0.43,Sekiwake,yorikiri,,
7143,Amakaze,292,141,151,0.48,Maegashira13,yorikiri,Kawanari,
1405,Amuru,282,140,142,0.5,Maegashira5,yorikiri,,
1326,Tsunenoyama,302,139,163,0.46,Maegashira12,yorikiri,Nishinoryu,
296,Yoshiazuma,333,139,194,0.42,Maegashira12,yorikiri,,
138,Sentoryu,278,137,141,0.49,Maegashira12,oshidashi,Kaishinzan,
149,Juzan,325,137,188,0.42,Juryo2,oshidashi,,
75,Daihisho,271,136,135,0.5,Maegashira10,yorikiri,,
4091,Washuyama,270,135,135,0.5,Maegashira11,yorikiri,,
57,Yamato,258,131,127,0.51,Maegashira12,yorikiri,,
6766,Kiyoseumi,248,131,117,0.53,Maegashira13,hatakikomi,Ichihara,
11989,Yamaguchi,285,126,159,0.44,Maegashira16,hatakikomi,Daikiho,
122,Daimanazuru,278,125,153,0.45,Maegashira16,yorikiri,,
59,Susanoumi,278,124,154,0.45,Juryo2,oshidashi,Kanesaku,Masakabuto
222,Sumanofuji,294,124,170,0.42,Juryo9,oshidashi,,
4128,Kotochitose,257,123,134,0.48,Maegashira14,yorikiri,,
1365,Hananofuji,255,123,132,0.48,Juryo1,yorikiri,,
1313,Komafudo,261,122,139,0.47,Maegashira13,yorikiri,Hananowaka,
12040,Daishoho,253,116,137,0.46,Maegashira9,yorikiri,,
4133,Takarakuni,261,115,146,0.44,Maegashira2,yorikiri,Saisu,
91,Hoshiandesu,242,115,127,0.48,Juryo2,hatakikomi,,
1385,Tochiakagi,247,114,133,0.46,Maegashira12,yorikiri,,
12406,Mitoryu,232,114,118,0.49,Maegashira15,yorikiri,,
4139,Koryu,229,112,117,0.49,Maegashira4,yorikiri,,
76,Hoshitango,251,110,141,0.44,Juryo3,hatakikomi,,
204,Ryuho,250,110,140,0.44,Maegashira16,yorikiri,,
924,Wakakirin,213,108,105,0.51,Maegashira9,oshidashi,Suzukawa,
1031,Ryuo,227,106,121,0.47,Maegashira8,oshidashi,,
1215,Takanoyama,248,106,142,0.43,Maegashira12,tottari,,
1323,Kumao,231,104,127,0.45,Juryo5,yorikiri,,
12412,Enho,215,104,111,0.48,Maegashira4,shitatenage,,
11980,Wakamotoharu,176,104,72,0.59,Sekiwake,yorikiri,,
1377,Iwatefuji,228,103,125,0.45,Juryo6,yorikiri,Futasekaze,
784,Daishodai,220,99,121,0.45,Juryo1,yorikiri,,
12077,Takagenji,199,97,102,0.49,Maegashira10,yorikiri,,
4134,Oyutaka,226,95,131,0.42,Komusubi,yorikiri,,
1476,Otaka,200,95,105,0.47,Juryo4,yorikiri,,
1104,Hoshihikari,199,94,105,0.47,Juryo1,yorikiri,,
116,Nakao,207,93,114,0.45,Maegashira12,oshidashi,Wakatsutomu,
12425,Yago,184,93,91,0.51,Maegashira10,yorikiri,,
56,Masutsuyoshi,224,92,132,0.41,Juryo6,yorikiri,,
69,Towanoyama,187,92,95,0.49,Maegashira13,yorikiri,Otakayama,
1266,Nionoumi,203,92,111,0.45,Maegashira16,oshidashi,,
77,Yutakafuji,200,91,109,0.46,Juryo5,yorikiri,Osuzuki,
4332,Tochinohana,196,90,106,0.46,Juryo4,yorikiri,,
12362,Ichiyamamoto,193,90,103,0.47,Maegashira8,oshidashi,,
12449,Kotoshoho,197,90,107,0.46,Maegashira3,oshidashi,Kototebakari,
4118,Amanoyama,204,89,115,0.44,Maegashira8,oshidashi,,
929,Kirinowaka,202,89,113,0.44,Juryo4,yorikiri,,
1329,Daigaku,171,88,83,0.51,Juryo2,yorikiri,,
1417,Ichinowatari,178,86,92,0.48,Juryo5,yorikiri,,
6769,Yamamotoyama,175,85,90,0.49,Maegashira9,yorikiri,,
82,Tochitenko,186,83,103,0.45,Juryo4,yorikiri,,
68,Gokenzan,191,82,109,0.43,Juryo6,yorikiri,Goto,
65,Dewataira,171,82,89,0.48,Juryo4,yorikiri,,
2930,Tokusegawa,154,82,72,0.53,Maegashira4,yorikiri,,
130,Kaido,175,81,94,0.46,Juryo4,yorikiri,Tanaka,Kaito
124,Sumiya,174,80,94,0.46,Juryo5,oshidashi,Saigo,
1366,Takanomine,171,79,92,0.46,Maegashira12,yorikiri,,
1327,Yoshinobori,186,79,107,0.42,Juryo4,oshidashi,,
74,Kotokanyu,188,78,110,0.41,Juryo7,oshidashi,,
4132,Wakanofuji,154,77,77,0.5,Maegashira3,yorikiri,,
4141,Nankairyu,137,75,62,0.55,Maegashira2,oshidashi,,
6527,Wakanoho,140,75,65,0.54,Maegashira1,yorikiri,,
12352,Midorifuji,152,74,78,0.49,Maegashira1,katasukashi,,
4077,Fujizakura,165,70,95,0.42,Maegashira1,oshidashi,,
174,Mutsuhokkai,154,70,84,0.45,Juryo6,yorikiri,,
6042,Masuraumi,156,70,86,0.45,Juryo5,oshidashi,Kurosawa,
1291,Sunahama,140,69,71,0.49,Juryo5,yorikiri,,
4080,Kitanoumi,102,67,35,0.66,Yokozuna,yorikiri,,
12453,Oho,136,67,69,0.49,Maegashira6,oshidashi,,
4319,Harunafuji,139,63,76,0.45,Juryo2,yorikiri,,
168,Hokutoiwa,146,62,84,0.42,Juryo10,oshidashi,,
2831,Hoshikaze,126,62,64,0.49,Juryo3,uwatenage,,
167,Tamamitsukuni,147,59,88,0.4,Juryo7,yorikiri,Tamanokuni,
6600,Tochihiryu,152,59,93,0.39,Juryo7,oshidashi,,
9077,Kizenryu,152,59,93,0.39,Juryo11,uwatenage,,
12427,Tomokaze,94,58,36,0.62,Maegashira3,hatakikomi,,
4122,Kurosegawa,127,57,70,0.45,Maegashira14,yorikiri,,
1349,Kotohakusan,126,57,69,0.45,Juryo4,yorikiri,,
1324,Terunoumi,128,57,71,0.45,Maegashira15,yorikiri,Hayashi,Daikiko
7125,Tanzo,123,57,66,0.46,Juryo6,yorikiri,Terashita,
199,Kuniazuma,107,54,53,0.5,Juryo4,kotenage,,
2835,Shironoryu,133,53,80,0.4,Juryo1,oshidashi,,
12255,Chiyonoumi,120,53,67,0.44,Juryo8,oshidashi,,
7138,Daishoumi,110,51,59,0.46,Juryo10,yorikiri,Mori,
12351,Nishikifuji,106,51,55,0.48,Maegashira3,yorikiri,,
1134,Tsurugidake,116,50,66,0.43,Maegashira16,oshidashi,,
1127,Hokutokuni,102,49,53,0.48,Juryo6,oshidashi,,
7127,Asabenkei,111,48,63,0.43,Juryo7,oshidashi,,
4050,Takamiyama,126,47,79,0.37,Maegashira2,yorikiri,,
4336,Tamakirin,95,47,48,0.49,Juryo6,yorikiri,Taue,
177,Mutetsuyama,111,47,64,0.42,Juryo11,oshidashi,Kurimoto,
1058,Wakanoshima,114,47,67,0.41,Juryo7,yorikiri,,
11918,Akua,131,47,84,0.36,Maegashira10,hatakikomi,,
144,Ryudo,102,46,56,0.45,Juryo8,yorikiri,Ikemori,
12314,Hiradoumi,90,46,44,0.51,Maegashira5,yorikiri,,
251,Wakatoryu,87,45,42,0.52,Juryo3,oshidashi,Nodera,
11729,Kimikaze,96,45,51,0.47,Maegashira13,tsukiotoshi,Naoe,
4103,Banryuyama,109,43,66,0.39,Maegashira14,yorikiri,,
1370,Morinosato,106,43,63,0.41,Juryo9,yorikiri,Takamichi,
300,Dairaido,95,43,52,0.45,Juryo2,oshidashi,Raido,
247,Oga,94,43,51,0.46,Juryo6,tsukiotoshi,,
1355,Goken,88,42,46,0.48,Juryo5,yorikiri,Morita,
1368,Ryukozan,63,42,21,0.67,Maegashira10,yorikiri,Miyata,
1321,Dewanokuni,95,41,54,0.43,Juryo3,yorikiri,,
6013,Dewahayate,95,41,54,0.43,Juryo9,yorikiri,,
4330,Wakatsukuba,96,40,56,0.42,Juryo8,yorikiri,,
84,Tomikaze,99,40,59,0.4,Juryo8,yorikiri,,
4125,Shinko,90,38,52,0.42,Juryo6,hatakikomi,,
1423,Wakanoumi,69,38,31,0.55,Juryo4,yorikiri,Hanaguruma,Hanaogi
4323,Shiraiwa,107,37,70,0.35,Juryo7,uwatenage,,
61,Hokutohikari,79,37,42,0.47,Juryo10,oshidashi,,
101,Dewanofuji,94,37,57,0.39,Juryo9,oshidashi,,
11943,Hakuyozan,77,37,40,0.48,Juryo3,oshidashi,,
4322,Sanofuji,85,36,49,0.42,Juryo5,oshidashi,,
1325,Wakatosho,77,36,41,0.47,Juryo9,yorikiri,,
2909,Sakigake,88,35,53,0.4,Juryo10,yorikiri,,
4318,Tengoyama,77,34,43,0.44,Juryo7,yorikiri,,
1351,Ryugahama,78,34,44,0.44,Juryo7,yorikiri,,
1451,Tochiizumi,69,32,37,0.46,Juryo3,yorikiri,,
134,Fukuzono,68,32,36,0.47,Juryo9,yorikiri,Tsurunofuji,
1381,Dewanoshima,83,31,52,0.37,Juryo8,yorikiri,,
4334,Takuetsuyama,66,31,35,0.47,Juryo5,yorikiri,,
4321,Kaio,67,31,36,0.46,Juryo7,oshidashi,,
372,Chokairyu,63,30,33,0.48,Juryo9,oshidashi,,
1097,Oniarashi,81,30,51,0.37,Juryo7,oshidashi,,
662,Kotoyutaka,79,29,50,0.37,Juryo5,yorikiri,,
79,Kotoiwakuni,68,28,40,0.41,Juryo12,hatakikomi,Kotofujimoto,
8154,Higonojo,66,28,38,0.42,Juryo9,oshidashi,,
4316,Kakureizan,58,27,31,0.47,Juryo2,yorikiri,,
1300,Daiki,63,26,37,0.41,Juryo10,yorikiri,,
11947,Rikishin,60,26,34,0.43,Juryo10,yorikiri,,
4306,Ofuji,50,25,25,0.5,Juryo7,yorikiri,,
133,Genkai,63,25,38,0.4,Juryo12,oshidashi,,
1293,Chiyonowaka,61,25,36,0.41,Juryo9,yorikiri,,
7109,Chiyoarashi,58,25,33,0.43,Juryo10,oshidashi,,
132,Kotonomine,60,24,36,0.4,Juryo13,yorikiri,,
239,Maikaze,52,23,29,0.44,Juryo10,oshidashi,,
365,Kotokuni,65,23,42,0.35,Juryo4,oshidashi,,
12646,Hokuseiho,46,23,23,0.5,Maegashira6,yorikiri,,
4328,Hanaarashi,53,22,31,0.42,Juryo9,yorikiri,,
12076,Takanofuji,41,22,19,0.54,Juryo12,yorikiri,Takayoshitoshi,
12721,Kinbozan,46,22,24,0.48,Maegashira5,yorikiri,,
4097,Tamakiyama,46,20,26,0.43,Juryo11,yorikiri,,
140,Ohidake,47,20,27,0.43,Juryo7,yorikiri,,
1322,Hidenoumi,51,19,32,0.37,Juryo9,yorikiri,,
209,Asanonami,39,19,20,0.49,Juryo3,yorikiri,Ota,
103,Tochifudo,49,18,31,0.37,Juryo12,yorikiri,,
6622,Masakaze,52,18,34,0.35,Juryo12,yorikiri,Kitazono,
11972,Daiseido,54,17,37,0.31,Juryo12,oshidashi,,
1496,Seionada,52,16,36,0.31,Juryo9,oshidashi,,
1371,Ryujuyama,35,16,19,0.46,Juryo8,yorikiri,,
6012,Dewaotori,45,16,29,0.36,Juryo10,yorikiri,,
511,Yotsuguruma,45,16,29,0.36,Juryo8,yorikiri,,
12470,Kizakiumi,33,16,17,0.48,Juryo3,oshidashi,,
1433,Kitafubuki,37,15,22,0.41,Juryo9,yorikiri,,
1520,Hidenohana,31,14,17,0.45,Juryo5,yoritaoshi,,
191,Kiyonofuji,32,14,18,0.44,Juryo11,oshidashi,,
1298,Kotoarashi,36,14,22,0.39,Juryo9,katasukashi,,
7111,Irodori,37,14,23,0.38,Juryo13,oshidashi,,
4109,Kotogatake,31,13,18,0.42,Juryo10,yorikiri,,
4325,Kiyomidake,31,13,18,0.42,Juryo13,oshidashi,,
4333,Tachinofuji,37,13,24,0.35,Juryo11,yorikiri,Tatsufuji,
1341,Seifuriki,35,13,22,0.37,Juryo12,yorikiri,Seifu,
1340,Taishin,34,13,21,0.38,Juryo9,kotenage,Murai,
83,Arashi,34,13,21,0.38,Juryo10,oshidashi,,
12162,Shonannoumi,18,13,5,0.72,Maegashira14,oshidashi,,
1357,Yamanishiki,34,12,22,0.35,Juryo10,yorikiri,Yamazaki,
147,Toyonokuni,26,12,14,0.46,Juryo13,oshidashi,Minami,
240,Ichinotani,35,12,23,0.34,Juryo12,yorikiri,,
1054,Hitenryu,33,12,21,0.36,Juryo13,yorikiri,Mochimaru,
12320,Churanoumi,36,12,24,0.33,Juryo2,oshidashi,Kizaki,
1373,Fukunosato,27,11,16,0.41,Juryo13,yorikiri,,
1190,Kaonishiki,28,11,17,0.39,Juryo6,tsukiotoshi,,
940,Kotomisen,34,11,23,0.32,Juryo12,oshidashi,,
11809,Kotokuzan,33,11,22,0.33,Maegashira16,hatakikomi,,
12117,Bushozan,34,11,23,0.32,Maegashira14,oshidashi,,
12688,Gonoyama,16,11,5,0.69,Maegashira13,oshidashi,,
12796,Hakuoho,15,11,4,0.73,Maegashira17,yorikiri,,
4087,Wakajishi,28,10,18,0.36,Juryo2,oshidashi,,
4329,Fujinosato,21,9,12,0.43,Juryo13,yorikiri,,
1470,Tenkoyama,18,9,9,0.5,Juryo13,yorikiri,,
785,Furuichi,33,9,24,0.27,Juryo12,kainahineri,Komidori,
11850,Chiyozakura,27,9,18,0.33,Juryo11,yorikiri,,
12075,Kaisho,16,9,7,0.56,Juryo14,yorikiri,,
143,Daiden,18,8,10,0.44,Juryo13,yorikiri,,
5977,Takamifuji,20,8,12,0.4,Juryo13,oshidashi,,
1137,Sensho,30,8,22,0.27,Juryo14,yorikiri,,
12285,Asagyokusei,19,8,11,0.42,Juryo14,yorikiri,Tamaki,
4303,Suiryu,19,7,12,0.37,Juryo13,yorikiri,,
4324,Genkaiho,19,7,12,0.37,Juryo11,yorikiri,Rinho,
1383,Sekinohana,22,7,15,0.32,Juryo11,uwatenage,,
1344,Akinomine,20,7,13,0.35,Juryo11,hatakikomi,,
1318,Shigenoumi,20,7,13,0.35,Juryo11,yorikiri,,
238,Umenosato,18,7,11,0.39,Juryo13,yorikiri,,
1316,Oyamato,18,7,11,0.39,Juryo12,oshidashi,Shirasaki,
95,Hidenokuni,20,7,13,0.35,Juryo13,oshidashi,,
2820,Nakanokuni,19,7,12,0.37,Juryo12,kubinage,,
4327,Hiyama,18,6,12,0.33,Juryo12,oshidashi,,
4331,Iyozakura,20,6,14,0.3,Juryo11,yorikiri,Ichiki,
1512,Fukuryudake,16,6,10,0.38,Juryo12,yorikiri,,
4337,Kiyononada,15,6,9,0.4,Juryo13,yorikiri,,
104,Wakaazuma,17,6,11,0.35,Juryo13,yorikiri,,
216,Raiko,21,6,15,0.29,Juryo11,oshidashi,,
12367,Ryuko,20,6,14,0.3,Juryo12,yorikiri,,
12664,Atamifuji,18,6,12,0.33,Maegashira15,yorikiri,,
4119,Kotowaka,16,5,11,0.31,Juryo13,yorikiri,,
4135,Oko,17,5,12,0.29,Juryo12,yoritaoshi,,
4326,Hanaryu,20,5,15,0.25,Juryo12,tsukiotoshi,Shushi,
1360,Oishida,20,5,15,0.25,Juryo13,yorikiri,,
1152,Daiyubu,15,5,10,0.33,Juryo10,yorikiri,,
8903,Keitenkai,10,5,5,0.5,Juryo11,yorikiri,Kei,
12140,Takaryu,16,5,11,0.31,Juryo13,hatakikomi,,
4111,Zaonishiki,15,4,11,0.27,Juryo10,sukuinage,,
1653,Asahizakura,5,4,1,0.8,Makushita1,yorikiri,,
1346,Kengaku,16,4,12,0.25,Juryo11,yorikiri,,
1328,Yamanakayama,18,4,14,0.22,Juryo13,oshidashi,,
205,Fujinohana,7,4,3,0.57,Makushita1,yorikiri,Goto,
6512,Hishofuji,15,4,11,0.27,Juryo13,yorikiri,,
12015,Gokushindo,16,4,12,0.25,Juryo13,yorikiri,,
12575,Tohakuryu,10,4,6,0.4,Juryo1,hatakikomi,,
4129,Hakuryuyama,15,3,12,0.2,Juryo11,tsukidashi,,
5064,Byakuhoyama,5,3,2,0.6,Makushita2,tottari,,
4991,Shishuyama,10,3,7,0.3,Makushita1,yorikiri,,
1392,Akinokuni,4,3,1,0.75,Makushita1,shitatenage,,
86,Futatsukuba,17,3,14,0.18,Juryo13,sakatottari,,
1225,Asahimaru,9,3,6,0.33,Makushita2,yorikiri,Asamiyoshi,
136,Dewanosato,15,3,12,0.2,Juryo14,yorikiri,,
6506,Kairyu,4,3,1,0.75,Makushita2,tsukidashi,,
4095,Wakanohana,6,2,4,0.33,Yokozuna,uwatenage,,
5070,Arai,4,2,2,0.5,Makushita3,hikiotoshi,,
1430,Minenofuji,3,2,1,0.67,Makushita4,utchari,,
4315,Arashifuji,3,2,1,0.67,Makushita4,hatakikomi,Fujinoiwa,
4335,Ojishi,18,2,16,0.11,Juryo11,oshidashi,,
1463,Maemiyama,2,2,0,1.0,Makushita5,tsukidashi,,
1418,Koganefuji,5,2,3,0.4,Makushita1,tsukiotoshi,,
1336,Takanonada,4,2,2,0.5,Makushita2,koshikudake,Nakajima,
128,Nishikikaze,5,2,3,0.4,Makushita1,oshidashi,,
126,Tochinoyama,5,2,3,0.4,Makushita2,oshidashi,,
102,Asahibenten,5,2,3,0.4,Makushita2,katasukashi,,
11764,Horyuyama,2,2,0,1.0,Makushita1,yorikiri,,
12717,Oshoma,4,2,2,0.5,Juryo3,shitatenage,,
6775,Hakusan,1,1,0,1.0,Makushita9,oshidashi,,
4988,Naruyama,2,1,1,0.5,Makushita2,sotogake,,
1442,Yuho,2,1,1,0.5,Makushita4,kubinage,,
5123,Amamifuji,1,1,0,1.0,Makushita4,uwatedashinage,,
1387,Suginohana,2,1,1,0.5,Makushita1,tsukitaoshi,,
1388,Tochisagami,3,1,2,0.33,Makushita1,oshidashi,,
1391,Mitsueyama,1,1,0,1.0,Makushita6,oshidashi,,
1393,Daishoryu,2,1,1,0.5,Makushita3,okuridashi,,
1394,Wakadozan,2,1,1,0.5,Makushita3,oshidashi,,
1395,Daitengo,4,1,3,0.25,Makushita1,yorikiri,,
188,Genkainami,2,1,1,0.5,Makushita3,kotenage,,
1398,Nanfu,2,1,1,0.5,Makushita1,tsukidashi,,
118,Midorifuji,4,1,3,0.25,Makushita1,hatakikomi,,
80,Otoryu,3,1,2,0.33,Makushita3,tsukitaoshi,,
106,Torafusuyama,3,1,2,0.33,Makushita5,uwatenage,,
315,Nadatsukasa,1,1,0,1.0,Makushita4,oshidashi,,
244,Kaishozan,1,1,0,1.0,Makushita2,uwatenage,,
1109,Daishoma,3,1,2,0.33,Makushita4,yoritaoshi,,
335,Shoketsu,2,1,1,0.5,Makushita4,oshitaoshi,,
866,Surugatsukasa,4,1,3,0.25,Makushita1,yorikiri,,
1052,Kihonoumi,1,1,0,1.0,Makushita2,tsukiotoshi,,
12484,Asanowaka,1,1,0,1.0,Juryo4,tsukidashi,,
12516,Roga,2,1,1,0.5,Juryo2,yorikiri,,
11976,Tamashoho,1,1,0,1.0,Juryo5,tsukiotoshi,,
6773,Taigiyama,4,0,4,0.0,Makushita4,none,,
6780,Tochiomi,1,0,1,0.0,Makushita8,none,,
4312,Kotonoryu,1,0,1,0.0,Makushita5,none,,
5063,Suiseizan,2,0,2,0.0,Makushita6,none,,
1390,Kondo,2,0,2,0.0,Makushita5,none,Toshoho,
1489,Maenoarashi,1,0,1,0.0,Makushita4,none,,
1425,Tobimaru,1,0,1,0.0,Makushita2,none,,
5051,Kyokueiko,1,0,1,0.0,Makushita5,none,,
1382,Takamishu,2,0,2,0.0,Makushita2,none,,
1384,Takamio,2,0,2,0.0,Makushita2,none,,
1386,Fuchita,1,0,1,0.0,Makushita3,none,,
159,Kiyota,2,0,2,0.0,Makushita2,none,,
178,Shoeito,5,0,5,0.0,Makushita3,none,Kirinowaka,
108,Ominato,1,0,1,0.0,Makushita3,none,,
119,Takamihana,1,0,1,0.0,Makushita4,none,,
121,Masunobori,1,0,1,0.0,Makushita2,none,,
312,Hokutomine,1,0,1,0.0,Makushita2,none,,
264,Shishio,3,0,3,0.0,Makushita1,none,,
334,Hokutojo,1,0,1,0.0,Makushita4,none,,
180,Wakainami,1,0,1,0.0,Makushita2,none,,
90,Fukkoyama,2,0,2,0.0,Makushita3,none,,
6643,Shimoda,1,0,1,0.0,Makushita1,none,,
1053,Kasugakuni,2,0,2,0.0,Makushita1,none,,
6483,Maeta,1,0,1,0.0,Makushita3,none,,
2858,Tochitsubasa,3,0,3,0.0,Makushita4,none,,
489,Chokozan,1,0,1,0.0,Makushita5,none,,
6476,Hakiai,1,0,1,0.0,Makushita2,none,,
9064,Tochiyashiki,1,0,1,0.0,Makushita4,none,,
6445,Shoho,1,0,1,0.0,Makushita4,none,,
9097,Kansei,1,0,1,0.0,Makushita3,none,,
6458,Yamatofuji,2,0,2,0.0,Makushita2,none,,
6646,Higoarashi,1,0,1,0.0,Makushita2,none,,
7156,Hokaho,1,0,1,0.0,Makushita7,none,,
8901,Kisenoyama,3,0,3,0.0,Makushita2,none,,
11965,Tochimaru,1,0,1,0.0,Makushita3,none,,
12141,Shiba,1,0,1,0.0,Makushita5,none,,
12369,Murata,1,0,1,0.0,Makushita1,none,,
11949,Kotodaigo,2,0,2,0.0,Makushita2,none,,
12013,Shimazuumi,1,0,1,0.0,Juryo3,none,,
