id,rikishi,losses,matches,wins,pct,top_rank,favored_kimarite,alt_shikona2,alt_shikona3
1123,Hakuho,212,1333,1121,0.84,Yokozuna,yorikiri,,
7,Kaio,642,1598,956,0.6,Ozeki,yorikiri,Koga,
89,Aminishiki,869,1700,831,0.49,Sekiwake,yorikiri,,
41,Kyokutenho,888,1715,827,0.48,Sekiwake,yorikiri,,
39,Wakanosato,692,1473,781,0.53,Sekiwake,yorikiri,Kogawa,
1226,Kotoshogiku,639,1399,760,0.54,Ozeki,yorikiri,,
1111,Harumafuji,402,1154,752,0.65,Yokozuna,yorikiri,Ama,
2,Takanohana,253,1004,751,0.75,Yokozuna,yorikiri,Takahanada,
1235,Kisenosato,472,1214,742,0.61,Yokozuna,yorikiri,Hagiwara,
33,Terao,855,1595,740,0.46,Sekiwake,hatakikomi,Genjiyama,
4,Musashimaru,284,1017,733,0.72,Yokozuna,oshidashi,,
13,Tosanoumi,731,1444,713,0.49,Sekiwake,oshidashi,,
8,Chiyotaikai,494,1197,703,0.59,Ozeki,oshidashi,,
9,Akinoshima,668,1362,694,0.51,Sekiwake,yorikiri,,
1287,Konishiki,495,1185,690,0.58,Ozeki,yorikiri,,
1219,Kakuryu,430,1119,689,0.62,Yokozuna,yorikiri,,
5,Takanonami,500,1188,688,0.58,Ozeki,yorikiri,Namioka,
5944,Tamawashi,695,1380,685,0.5,Sekiwake,oshidashi,,
1284,Takekaze,744,1422,678,0.48,Sekiwake,oshidashi,Narita,
28,Mitoizumi,692,1367,675,0.49,Sekiwake,yorikiri,,
6468,Goeido,478,1123,645,0.57,Ozeki,yorikiri,Sawai,
10,Tochinonada,691,1335,644,0.48,Sekiwake,yorikiri,Goto,
842,Miyabiyama,583,1224,641,0.52,Ozeki,oshidashi,Takeuchi,
14,Kotonowaka,673,1311,638,0.49,Sekiwake,yorikiri,,
878,Asashoryu,164,786,622,0.79,Yokozuna,yorikiri,,
1009,Asasekiryu,642,1258,616,0.49,Sekiwake,yorikiri,,
6599,Tochinoshin,585,1195,610,0.51,Ozeki,yorikiri,,
5967,Yoshikaze,631,1236,605,0.49,Sekiwake,yorikiri,Onishi,
18,Takatoriki,600,1204,604,0.5,Sekiwake,oshidashi,Kamakari,
1,Akebono,217,821,604,0.74,Yokozuna,oshidashi,,
6473,Tochiozan,582,1186,604,0.51,Sekiwake,oshidashi,Kageyama,
37,Kotoinazuma,666,1262,596,0.47,Komusubi,yorikiri,,
31,Dejima,492,1074,582,0.54,Ozeki,oshidashi,,
1227,Toyonoshima,559,1141,582,0.51,Sekiwake,yorikiri,,
30,Kitakachidoki,641,1216,575,0.47,Maegashira3,yorikiri,Kuga,
1292,Kotogaume,575,1148,573,0.5,Sekiwake,oshidashi,,
17,Tamakasuga,620,1191,571,0.48,Sekiwake,oshidashi,,
6463,Okinoumi,611,1177,566,0.48,Sekiwake,yorikiri,Fukuoka,
6480,Takayasu,437,998,561,0.56,Ozeki,yorikiri,,
12,Kotonishiki,494,1053,559,0.53,Sekiwake,yorikiri,Kotomatsuzawa,
1301,Kirishima,533,1091,558,0.51,Ozeki,yorikiri,,
11728,Takarafuji,592,1142,550,0.48,Sekiwake,yorikiri,,
876,Kotomitsuki,363,912,549,0.6,Ozeki,yorikiri,Kototamiya,
23,Tochinowaka,602,1150,548,0.48,Sekiwake,yorikiri,Kaseda,
51,Daizen,574,1116,542,0.49,Komusubi,yorikiri,,
1354,Chiyonofuji,91,632,541,0.86,Yokozuna,yorikiri,,
6,Musoyama,377,917,540,0.59,Ozeki,oshidashi,,
40,Kaiho,618,1158,540,0.47,Komusubi,yorikiri,Kumagaya,
63,Otsukasa,601,1132,531,0.47,Maegashira4,yorikiri,Ouchi,
49,Misugisato,586,1116,530,0.47,Komusubi,yorikiri,,
11784,Myogiryu,532,1059,527,0.5,Sekiwake,oshidashi,Miyamoto,
11786,Aoiyama,531,1058,527,0.5,Sekiwake,hatakikomi,,
875,Takamisakari,549,1075,526,0.49,Komusubi,yorikiri,Kato,
1302,Takamisugi,593,1116,523,0.47,Komusubi,oshidashi,,
34,Asanowaka,590,1112,522,0.47,Maegashira1,oshidashi,Wakaadachi,
3,Wakanohana,268,789,521,0.66,Yokozuna,yorikiri,Wakahanada,
19,Tochiazuma,310,828,518,0.63,Ozeki,oshidashi,Shiga,
60,Toyonoumi,544,1059,515,0.49,Maegashira1,yorikiri,Takanohama,
152,Tamanoshima,558,1072,514,0.48,Sekiwake,yorikiri,Tamanonada,
2818,Tokitenku,530,1034,504,0.49,Komusubi,yorikiri,,
1342,Asahifuji,284,782,498,0.64,Yokozuna,yorikiri,,
15,Oginishiki,521,1019,498,0.49,Komusubi,yorikiri,,
1339,Hokutoumi,228,724,496,0.69,Yokozuna,oshidashi,Hoshi,
87,Wakanoyama,533,1023,490,0.48,Komusubi,oshidashi,,
2830,Kotooshu,330,820,490,0.6,Ozeki,yorikiri,,
11,Aogiyama,532,1009,477,0.47,Maegashira1,oshidashi,Teraki,
35,Kyokushuzan,561,1038,477,0.46,Komusubi,uwatenage,,
6753,Kaisei,501,974,473,0.49,Sekiwake,yorikiri,,
6467,Toyohibiki,490,956,466,0.49,Maegashira2,oshidashi,Kadomoto,
11934,Chiyotairyu,476,924,448,0.48,Komusubi,oshidashi,Meigetsuin,
1350,Onokuni,232,672,440,0.65,Yokozuna,yorikiri,,
12055,Endo,408,844,436,0.52,Komusubi,yorikiri,,
44,Kushimaumi,428,863,435,0.5,Maegashira1,yorikiri,Kushima,
50,Tokitsuumi,470,905,435,0.48,Maegashira3,yorikiri,,
70,Kitazakura,472,907,435,0.48,Maegashira9,yorikiri,,
813,Kitataiki,472,907,435,0.48,Maegashira2,yorikiri,,
2879,Sadanoumi,468,902,434,0.48,Maegashira1,yorikiri,,
11985,Daieisho,381,810,429,0.53,Sekiwake,oshidashi,,
16,Minatofuji,499,920,421,0.46,Maegashira2,yorikiri,,
1018,Shimotori,419,839,420,0.5,Komusubi,yorikiri,Shimootori,
1363,Hokutenyu,253,668,415,0.62,Ozeki,yorikiri,,
1337,Tochitsukasa,415,829,414,0.5,Sekiwake,oshidashi,,
78,Toyozakura,457,870,413,0.47,Maegashira5,oshidashi,,
6572,Gagamaru,463,876,413,0.47,Komusubi,oshidashi,,
6614,Shohozan,467,879,412,0.47,Komusubi,oshidashi,Matsutani,
48,Oginohana,406,816,410,0.5,Maegashira2,yorikiri,,
29,Kotoryu,436,845,409,0.48,Maegashira1,yorikiri,,
1332,Sakahoko,464,870,406,0.47,Sekiwake,yorikiri,,
1334,Wakasegawa,440,845,405,0.48,Maegashira1,yorikiri,,
11726,Tokushoryu,436,837,401,0.48,Maegashira2,yorikiri,Aoki,
12210,Mitakeumi,308,709,401,0.57,Ozeki,oshidashi,,
96,Jumonji,457,850,393,0.46,Maegashira6,yorikiri,Kaigatake,
1187,Kokkai,440,832,392,0.47,Komusubi,yorikiri,,
26,Higonoumi,474,862,388,0.45,Maegashira1,yorikiri,,
6432,Baruto,205,589,384,0.65,Ozeki,yorikiri,,
107,Kasuganishiki,415,798,383,0.48,Maegashira5,yorikiri,,
9079,Kotoyuki,358,739,381,0.52,Sekiwake,oshidashi,,
11927,Terunofuji,225,603,378,0.63,Yokozuna,yorikiri,Wakamisho,
1338,Ozutsu,478,855,377,0.44,Sekiwake,yorikiri,,
62,Daishi,430,807,377,0.47,Maegashira3,yorikiri,,
135,Hokutoriki,415,792,377,0.48,Sekiwake,oshidashi,,
25,Hamanoshima,441,816,375,0.46,Komusubi,yorikiri,Hamasu,
12130,Shodai,326,700,374,0.53,Ozeki,yorikiri,,
865,Kasugao,402,775,373,0.48,Maegashira3,yorikiri,,
6491,Ikioi,404,776,372,0.48,Sekiwake,oshidashi,,
1303,Kotofuji,412,783,371,0.47,Sekiwake,yorikiri,Kotoosugi,
12043,Onosho,344,715,371,0.52,Komusubi,oshidashi,,
1087,Iwakiyama,352,721,369,0.51,Komusubi,yorikiri,,
1296,Kasugafuji,415,783,368,0.47,Maegashira1,oshidashi,,
1345,Tamaryu,429,795,366,0.46,Komusubi,yorikiri,,
1310,Kirinishiki,398,764,366,0.48,Maegashira2,yorikiri,,
6018,Homasho,326,691,365,0.53,Komusubi,yorikiri,,
12107,Ichinojo,306,670,364,0.54,Sekiwake,yorikiri,,
53,Tokitsunada,375,737,362,0.49,Maegashira4,yorikiri,,
1317,Hananokuni,387,748,361,0.48,Maegashira1,yorikiri,,
42,Mainoumi,410,771,361,0.47,Komusubi,shitatenage,Nagao,
38,Toki,404,765,361,0.47,Komusubi,hatakikomi,,
52,Tomonohana,377,734,357,0.49,Komusubi,shitatenage,,
12191,Takakeisho,209,566,357,0.63,Ozeki,oshidashi,Sato,
1295,Kyokudozan,402,757,355,0.47,Komusubi,yorikiri,,
7240,Chiyomaru,382,737,355,0.48,Maegashira5,oshidashi,,
1315,Enazakura,383,736,353,0.48,Maegashira1,oshidashi,,
1285,Asahisato,382,735,353,0.48,Maegashira14,yorikiri,,
1348,Jingaku,433,783,350,0.45,Komusubi,yorikiri,,
1333,Sasshunada,374,723,349,0.48,Maegashira1,oshidashi,,
22,Gojoro,360,708,348,0.49,Maegashira3,oshidashi,,
795,Tamaasuka,406,753,347,0.46,Maegashira9,yorikiri,,
7239,Kyokushuho,352,699,347,0.5,Maegashira4,yorikiri,,
11845,Kagayaki,382,728,346,0.48,Maegashira3,oshidashi,Tatsu,
1204,Kakizoe,393,738,345,0.47,Komusubi,oshidashi,,
71,Takanowaka,348,691,343,0.5,Sekiwake,yorikiri,Takaozaki,
145,Kobo,381,723,342,0.47,Maegashira9,yorikiri,Mineyama,
45,Daishoho,372,712,340,0.48,Komusubi,yorikiri,Murata,
1347,Itai,426,765,339,0.44,Komusubi,oshidashi,,
1352,Tagaryu,417,751,334,0.44,Sekiwake,yorikiri,,
47,Chiyotenzan,391,725,334,0.46,Komusubi,yorikiri,,
1353,Daijuyama,404,737,333,0.45,Sekiwake,yorikiri,,
12239,Hokutofuji,286,619,333,0.54,Komusubi,oshidashi,Daiki,
5985,Satoyama,372,703,331,0.47,Maegashira12,oshidashi,,
1361,Daitetsu,378,707,329,0.47,Komusubi,yorikiri,,
97,Tochinohana,364,693,329,0.47,Komusubi,yorikiri,Yachi,
6642,Chiyonokuni,309,636,327,0.51,Maegashira1,hatakikomi,,
1359,Koboyama,390,711,321,0.45,Sekiwake,yorikiri,,
1379,Asashio,208,528,320,0.61,Ozeki,yorikiri,,
11723,Azumaryu,330,648,318,0.49,Maegashira11,yorikiri,,
1299,Kiraiho,345,657,312,0.47,Maegashira4,yorikiri,,
7153,Kotoeko,341,648,307,0.47,Maegashira4,yorikiri,,
20,Shikishima,347,653,306,0.47,Maegashira1,yorikiri,Yoshitane,
72,Tochisakae,311,617,306,0.5,Maegashira1,oshidashi,Okamoto,Tochinoiwa
1305,Kyokugozan,328,633,305,0.48,Maegashira9,oshidashi,,
2834,Futeno,335,639,304,0.48,Komusubi,yorikiri,Uchida,
4980,Sokokurai,316,617,301,0.49,Maegashira2,yorikiri,,
58,Oikari,296,592,296,0.5,Maegashira11,oshidashi,,
175,Ushiomaru,305,601,296,0.49,Maegashira10,oshidashi,,
11724,Takanoiwa,264,557,293,0.53,Maegashira2,yorikiri,,
1141,Shotenro,330,619,289,0.47,Maegashira2,oshidashi,Musashiryu,
43,Kinkaiyama,304,591,287,0.49,Maegashira6,yorikiri,,
1369,Toryu,359,645,286,0.44,Sekiwake,yorikiri,,
6596,Nishikigi,306,592,286,0.48,Maegashira1,oshidashi,,
1330,Ryogoku,301,584,283,0.48,Komusubi,yorikiri,Kobayashiyama,
1364,Masurao,266,548,282,0.51,Sekiwake,yorikiri,Tejima,
64,Yotsukasa,327,607,280,0.46,Maegashira11,oshidashi,Suzuki,
11785,Chiyoshoma,311,591,280,0.47,Maegashira2,yorikiri,,
11946,Meisei,274,553,279,0.5,Sekiwake,yorikiri,,
1374,Kurama,327,605,278,0.46,Komusubi,yorikiri,,
12051,Ishiura,288,564,276,0.49,Maegashira5,yorikiri,,
1375,Masudayama,326,600,274,0.46,Sekiwake,hatakikomi,,
1290,Wakashoyo,287,561,274,0.49,Sekiwake,yorikiri,Shidenryu,Babaguchi
12113,Tsurugisho,285,556,271,0.49,Maegashira7,yorikiri,Abiko,
1294,Naminohana,290,560,270,0.48,Komusubi,oshidashi,,
8904,Homarefuji,295,565,270,0.48,Maegashira6,oshidashi,,
36,Asanosho,296,564,268,0.48,Maegashira2,oshidashi,Ozawa,Asasoyo
11855,Takanosho,227,495,268,0.54,Sekiwake,oshidashi,Masunosho,
1335,Takanofuji,350,616,266,0.43,Komusubi,yorikiri,,
12094,Abi,217,482,265,0.55,Sekiwake,oshidashi,Horikiri,
12026,Hidenoumi,274,538,264,0.49,Maegashira6,yorikiri,Iwasaki,
900,Wakakoyu,284,547,263,0.48,Komusubi,oshidashi,Yakigaya,
2842,Sadanofuji,325,588,263,0.45,Maegashira2,oshidashi,,
1380,Hidanohana,295,557,262,0.47,Maegashira2,yorikiri,,
1286,Kenko,297,559,262,0.47,Komusubi,yorikiri,,
2832,Arawashi,305,567,262,0.46,Maegashira2,yorikiri,,
113,Asofuji,291,550,259,0.47,Maegashira13,oshidashi,,
1372,Maenoshin,278,531,253,0.48,Komusubi,yorikiri,,
105,Buyuzan,280,531,251,0.47,Maegashira1,oshidashi,Tominagayama,
4127,Wakashimazu,145,395,250,0.63,Ozeki,yorikiri,,
6594,Ryuden,246,496,250,0.5,Komusubi,yorikiri,,
55,Zenshinyama,290,539,249,0.46,Juryo2,oshidashi,,
129,Hayateumi,212,461,249,0.54,Sekiwake,yorikiri,Saito,
6928,Chiyootori,226,472,246,0.52,Komusubi,yorikiri,,
11840,Chiyonoo,280,526,246,0.47,Maegashira14,yorikiri,Chiyoo,
864,Bushuyama,290,535,245,0.46,Maegashira3,yorikiri,,
1356,Kinoarashi,262,506,244,0.48,Maegashira8,yorikiri,,
371,Kyokunankai,257,500,243,0.49,Maegashira16,yorikiri,,
6010,Kimurayama,279,521,242,0.46,Maegashira7,oshidashi,,
2851,Fujiazuma,275,517,242,0.47,Maegashira4,oshidashi,,
8900,Akiseyama,305,546,241,0.44,Maegashira12,yorikiri,Fukao,
6531,Asahisho,268,508,240,0.47,Maegashira11,oshidashi,,
12291,Asanoyama,151,391,240,0.61,Ozeki,yorikiri,,
1378,Hoo,277,516,239,0.46,Sekiwake,yorikiri,,
4136,Futahaguro,110,349,239,0.68,Yokozuna,yorikiri,Kitao,
11868,Terutsuyoshi,274,513,239,0.47,Maegashira3,oshidashi,,
1376,Hananoumi,247,484,237,0.49,Komusubi,yorikiri,,
1311,Kototsubaki,244,479,235,0.49,Maegashira3,yorikiri,,
6559,Seiro,274,509,235,0.46,Maegashira14,yorikiri,,
88,Tamarikido,250,484,234,0.48,Maegashira8,yorikiri,,
2847,Masatsukasa,234,467,233,0.5,Maegashira8,oshidashi,,
21,Asahiyutaka,256,488,232,0.48,Komusubi,yorikiri,,
92,Harunoyama,247,479,232,0.48,Maegashira10,yorikiri,Haruyama,
12292,Yutakayama,259,491,232,0.47,Maegashira1,oshidashi,Oyanagi,
1309,Tamakairiki,258,488,230,0.47,Maegashira8,yorikiri,,
1331,Saganobori,265,494,229,0.46,Maegashira14,yorikiri,,
1307,Daishoyama,236,464,228,0.49,Maegashira2,yorikiri,,
4131,Tochitsurugi,286,511,225,0.44,Maegashira2,oshidashi,,
4099,Kirinji,287,512,225,0.44,Komusubi,oshidashi,,
1362,Onohana,241,465,224,0.48,Maegashira13,yorikiri,,
7115,Tosayutaka,231,453,222,0.49,Maegashira1,yorikiri,,
12203,Tobizaru,224,445,221,0.5,Komusubi,oshidashi,Iwasaki,
1421,Roho,185,405,220,0.54,Komusubi,yorikiri,,
12370,Wakatakakage,163,383,220,0.57,Sekiwake,yorikiri,,
6497,Daido,251,470,219,0.47,Maegashira8,uwatenage,Nakanishi,
1136,Mokonami,222,440,218,0.5,Maegashira6,yorikiri,,
6771,Aran,247,465,218,0.47,Sekiwake,hatakikomi,,
4126,Sadanoumi,284,501,217,0.43,Komusubi,yorikiri,,
1358,Hoshiiwato,249,466,217,0.47,Maegashira14,yorikiri,Hoshikabuto,
287,Wakatoba,252,466,214,0.46,Maegashira11,oshidashi,Yamada,
27,Wakanojo,246,457,211,0.46,Maegashira6,yorikiri,Aka,
4116,Dewanohana,252,462,210,0.45,Sekiwake,yorikiri,,
4094,Onishiki,245,454,209,0.46,Maegashira1,yorikiri,,
1288,Kotobeppu,269,478,209,0.44,Maegashira1,yorikiri,,
12231,Kirishima,166,375,209,0.56,Ozeki,yorikiri,Kiribayama,
4078,Oshio,233,440,207,0.47,Maegashira1,yorikiri,,
4130,Hachiya,214,420,206,0.49,Maegashira6,yorikiri,,
99,Shunketsu,240,444,204,0.46,Maegashira12,yorikiri,Komahikari,Ishide
225,Takanotsuru,232,436,204,0.47,Maegashira8,yorikiri,Sekiyama,
1032,Hochiyama,247,451,204,0.45,Maegashira14,yorikiri,,
6770,Tenkaiho,235,437,202,0.46,Maegashira8,yorikiri,Minami,
66,Wakahayato,219,418,199,0.48,Juryo3,yorikiri,,
12144,Daishomaru,213,412,199,0.48,Maegashira5,oshidashi,Kawabata,
12024,Shimanoumi,211,410,199,0.49,Maegashira3,oshidashi,,
1367,Fujinoshin,219,417,198,0.47,Maegashira1,yorikiri,Fujihikari,
157,Tomoefuji,201,399,198,0.5,Komusubi,yorikiri,,
6034,Sagatsukasa,234,432,198,0.46,Maegashira9,oshidashi,Isobe,
11971,Jokoryu,215,413,198,0.48,Komusubi,yorikiri,Sakumayama,
11987,Osunaarashi,173,370,197,0.53,Maegashira1,yorikiri,,
7121,Tokushinho,224,419,195,0.47,Juryo6,oshidashi,,
8899,Kyokutaisei,201,395,194,0.49,Maegashira8,oshidashi,,
24,Ganyu,254,447,193,0.43,Maegashira1,yorikiri,,
206,Kotokasuga,206,399,193,0.48,Maegashira7,yorikiri,,
81,Wakakosho,210,400,190,0.47,Maegashira14,yorikiri,,
163,Senshuyama,215,405,190,0.47,Juryo1,oshidashi,,
1011,Hakuba,191,379,188,0.5,Komusubi,yorikiri,,
1306,Hitachiryu,194,381,187,0.49,Maegashira14,yorikiri,,
1297,Dairyu,196,380,184,0.48,Juryo4,yorikiri,,
1106,Koryu,197,381,184,0.48,Maegashira11,oshidashi,,
4138,Tochimatoi,197,379,182,0.48,Maegashira11,oshidashi,,
1241,Kitaharima,216,398,182,0.46,Maegashira15,oshidashi,,
4140,Chikubayama,178,359,181,0.5,Maegashira13,oshidashi,,
874,Hamanishiki,223,402,179,0.45,Maegashira11,yorikiri,Takahama,
12270,Kotonowaka,129,305,176,0.58,Komusubi,yorikiri,Kotokamatani,
4311,Hakuryu,206,381,175,0.46,Juryo2,yorikiri,,
4107,Kaiki,215,390,175,0.45,Maegashira3,yorikiri,,
73,Kanechika,201,376,175,0.47,Juryo2,yorikiri,Gassan,
1289,Rikio,149,324,175,0.54,Maegashira9,uwatenage,,
6767,Tochinowaka,195,370,175,0.47,Maegashira1,yorikiri,,
1243,Katayama,202,376,174,0.46,Maegashira13,oshidashi,,
12226,Ura,147,319,172,0.54,Maegashira1,oshidashi,,
1402,Hakurozan,189,360,171,0.47,Maegashira2,hatakikomi,,
4100,Kaneshiro,220,390,170,0.44,Maegashira1,yorikiri,Tochihikari,
6654,Masunoyama,181,351,170,0.48,Maegashira4,oshidashi,,
898,Chiyohakuho,169,336,167,0.5,Maegashira6,oshidashi,,
160,Tatsuhikari,181,345,164,0.48,Maegashira6,yorikiri,,
6552,Sotairyu,190,354,164,0.46,Maegashira15,oshidashi,,
12273,Daiamami,177,341,164,0.48,Maegashira11,yorikiri,Sakamoto,
5988,Oiwato,210,372,162,0.44,Maegashira16,oshidashi,Kanbayashi,
46,Dewaarashi,173,332,159,0.48,Maegashira14,yorikiri,,
12451,Hoshoryu,112,270,158,0.59,Sekiwake,yorikiri,,
4117,Misugiiso,193,346,153,0.44,Maegashira4,yorikiri,Azumanada,
2929,Kagamio,158,311,153,0.49,Maegashira9,yorikiri,,
4124,Shishiho,167,319,152,0.48,Maegashira2,yorikiri,,
4137,Fujinokawa,154,305,151,0.5,Maegashira3,yorikiri,Hattori,
6620,Sakaizawa,141,292,151,0.52,Maegashira15,yorikiri,,
1314,Owakamatsu,155,304,149,0.49,Maegashira13,yorikiri,,
54,Ohinode,159,308,149,0.48,Maegashira9,yorikiri,,
67,Tochinofuji,164,311,147,0.47,Maegashira11,oshidashi,,
4104,Takanosato,52,197,145,0.74,Yokozuna,yorikiri,,
1319,Tachihikari,160,305,145,0.48,Maegashira15,uwatenage,,
226,Wakatenro,176,321,145,0.45,Juryo2,oshidashi,,
5984,Shirononami,163,308,145,0.47,Juryo4,yorikiri,Shiraishi,
4112,Kotokaze,78,222,144,0.65,Ozeki,yorikiri,,
1397,Ishinriki,162,304,142,0.47,Juryo1,shitatenage,,
32,Akinoshu,146,288,142,0.49,Maegashira9,yorikiri,,
4102,Aobajo,186,327,141,0.43,Sekiwake,yorikiri,,
7143,Amakaze,151,292,141,0.48,Maegashira13,yorikiri,Kawanari,
1405,Amuru,142,282,140,0.5,Maegashira5,yorikiri,,
1326,Tsunenoyama,163,302,139,0.46,Maegashira12,yorikiri,Nishinoryu,
296,Yoshiazuma,194,333,139,0.42,Maegashira12,yorikiri,,
138,Sentoryu,141,278,137,0.49,Maegashira12,oshidashi,Kaishinzan,
149,Juzan,188,325,137,0.42,Juryo2,oshidashi,,
75,Daihisho,135,271,136,0.5,Maegashira10,yorikiri,,
4091,Washuyama,135,270,135,0.5,Maegashira11,yorikiri,,
57,Yamato,127,258,131,0.51,Maegashira12,yorikiri,,
6766,Kiyoseumi,117,248,131,0.53,Maegashira13,hatakikomi,Ichihara,
11989,Yamaguchi,159,285,126,0.44,Maegashira16,hatakikomi,Daikiho,
122,Daimanazuru,153,278,125,0.45,Maegashira16,yorikiri,,
59,Susanoumi,154,278,124,0.45,Juryo2,oshidashi,Kanesaku,Masakabuto
222,Sumanofuji,170,294,124,0.42,Juryo9,oshidashi,,
4128,Kotochitose,134,257,123,0.48,Maegashira14,yorikiri,,
1365,Hananofuji,132,255,123,0.48,Juryo1,yorikiri,,
1313,Komafudo,139,261,122,0.47,Maegashira13,yorikiri,Hananowaka,
12040,Daishoho,137,253,116,0.46,Maegashira9,yorikiri,,
4133,Takarakuni,146,261,115,0.44,Maegashira2,yorikiri,Saisu,
91,Hoshiandesu,127,242,115,0.48,Juryo2,hatakikomi,,
1385,Tochiakagi,133,247,114,0.46,Maegashira12,yorikiri,,
12406,Mitoryu,118,232,114,0.49,Maegashira15,yorikiri,,
4139,Koryu,117,229,112,0.49,Maegashira4,yorikiri,,
76,Hoshitango,141,251,110,0.44,Juryo3,hatakikomi,,
204,Ryuho,140,250,110,0.44,Maegashira16,yorikiri,,
924,Wakakirin,105,213,108,0.51,Maegashira9,oshidashi,Suzukawa,
1031,Ryuo,121,227,106,0.47,Maegashira8,oshidashi,,
1215,Takanoyama,142,248,106,0.43,Maegashira12,tottari,,
1323,Kumao,127,231,104,0.45,Juryo5,oshidashi,,
12412,Enho,111,215,104,0.48,Maegashira4,shitatenage,,
11980,Wakamotoharu,72,176,104,0.59,Sekiwake,yorikiri,,
1377,Iwatefuji,125,228,103,0.45,Juryo6,yorikiri,Futasekaze,
784,Daishodai,121,220,99,0.45,Juryo1,yorikiri,,
12077,Takagenji,102,199,97,0.49,Maegashira10,yorikiri,,
4134,Oyutaka,131,226,95,0.42,Komusubi,yorikiri,,
1476,Otaka,105,200,95,0.47,Juryo4,yorikiri,,
1104,Hoshihikari,105,199,94,0.47,Juryo1,yorikiri,,
116,Nakao,114,207,93,0.45,Maegashira12,oshidashi,Wakatsutomu,
12425,Yago,91,184,93,0.51,Maegashira10,yorikiri,,
56,Masutsuyoshi,132,224,92,0.41,Juryo6,yorikiri,,
69,Towanoyama,95,187,92,0.49,Maegashira13,yorikiri,Otakayama,
1266,Nionoumi,111,203,92,0.45,Maegashira16,oshidashi,,
77,Yutakafuji,109,200,91,0.46,Juryo5,yorikiri,Osuzuki,
4332,Tochinohana,106,196,90,0.46,Juryo4,yorikiri,,
12362,Ichiyamamoto,103,193,90,0.47,Maegashira8,oshidashi,,
12449,Kotoshoho,107,197,90,0.46,Maegashira3,oshidashi,Kototebakari,
4118,Amanoyama,115,204,89,0.44,Maegashira8,oshidashi,,
929,Kirinowaka,113,202,89,0.44,Juryo4,yorikiri,,
1329,Daigaku,83,171,88,0.51,Juryo2,yorikiri,,
1417,Ichinowatari,92,178,86,0.48,Juryo5,yorikiri,,
6769,Yamamotoyama,90,175,85,0.49,Maegashira9,yorikiri,,
82,Tochitenko,103,186,83,0.45,Juryo4,yorikiri,,
68,Gokenzan,109,191,82,0.43,Juryo6,yorikiri,Goto,
65,Dewataira,89,171,82,0.48,Juryo4,yorikiri,,
2930,Tokusegawa,72,154,82,0.53,Maegashira4,yorikiri,,
130,Kaido,94,175,81,0.46,Juryo4,yorikiri,Tanaka,Kaito
124,Sumiya,94,174,80,0.46,Juryo5,oshidashi,Saigo,
1366,Takanomine,92,171,79,0.46,Maegashira12,yorikiri,,
1327,Yoshinobori,107,186,79,0.42,Juryo4,oshidashi,,
74,Kotokanyu,110,188,78,0.41,Juryo7,oshidashi,,
4132,Wakanofuji,77,154,77,0.5,Maegashira3,yorikiri,,
4141,Nankairyu,62,137,75,0.55,Maegashira2,oshidashi,,
6527,Wakanoho,65,140,75,0.54,Maegashira1,yorikiri,,
12352,Midorifuji,78,152,74,0.49,Maegashira1,katasukashi,,
4077,Fujizakura,95,165,70,0.42,Maegashira1,oshidashi,,
174,Mutsuhokkai,84,154,70,0.45,Juryo6,yorikiri,,
6042,Masuraumi,86,156,70,0.45,Juryo5,oshidashi,Kurosawa,
1291,Sunahama,71,140,69,0.49,Juryo5,yorikiri,,
4080,Kitanoumi,35,102,67,0.66,Yokozuna,yorikiri,,
12453,Oho,69,136,67,0.49,Maegashira6,oshidashi,,
4319,Harunafuji,76,139,63,0.45,Juryo2,yorikiri,,
168,Hokutoiwa,84,146,62,0.42,Juryo10,oshidashi,,
2831,Hoshikaze,64,126,62,0.49,Juryo3,uwatenage,,
167,Tamamitsukuni,88,147,59,0.4,Juryo7,yorikiri,Tamanokuni,
6600,Tochihiryu,93,152,59,0.39,Juryo7,oshidashi,,
9077,Kizenryu,93,152,59,0.39,Juryo11,uwatenage,,
12427,Tomokaze,36,94,58,0.62,Maegashira3,hatakikomi,,
4122,Kurosegawa,70,127,57,0.45,Maegashira14,yorikiri,,
1349,Kotohakusan,69,126,57,0.45,Juryo4,yorikiri,,
1324,Terunoumi,71,128,57,0.45,Maegashira15,yorikiri,Hayashi,Daikiko
7125,Tanzo,66,123,57,0.46,Juryo6,yorikiri,Terashita,
199,Kuniazuma,53,107,54,0.5,Juryo4,kotenage,,
2835,Shironoryu,80,133,53,0.4,Juryo1,oshidashi,,
12255,Chiyonoumi,67,120,53,0.44,Juryo8,oshidashi,,
7138,Daishoumi,59,110,51,0.46,Juryo10,yorikiri,Mori,
12351,Nishikifuji,55,106,51,0.48,Maegashira3,yorikiri,,
1134,Tsurugidake,66,116,50,0.43,Maegashira16,oshidashi,,
1127,Hokutokuni,53,102,49,0.48,Juryo6,oshidashi,,
7127,Asabenkei,63,111,48,0.43,Juryo7,oshidashi,,
4050,Takamiyama,79,126,47,0.37,Maegashira2,yorikiri,,
4336,Tamakirin,48,95,47,0.49,Juryo6,yorikiri,Taue,
177,Mutetsuyama,64,111,47,0.42,Juryo11,oshidashi,Kurimoto,
1058,Wakanoshima,67,114,47,0.41,Juryo7,yorikiri,,
11918,Akua,84,131,47,0.36,Maegashira10,hatakikomi,,
144,Ryudo,56,102,46,0.45,Juryo8,yorikiri,Ikemori,
12314,Hiradoumi,44,90,46,0.51,Maegashira5,yorikiri,,
251,Wakatoryu,42,87,45,0.52,Juryo3,oshidashi,Nodera,
11729,Kimikaze,51,96,45,0.47,Maegashira13,tsukiotoshi,Naoe,
4103,Banryuyama,66,109,43,0.39,Maegashira14,yorikiri,,
1370,Morinosato,63,106,43,0.41,Juryo9,yorikiri,Takamichi,
300,Dairaido,52,95,43,0.45,Juryo2,oshidashi,Raido,
247,Oga,51,94,43,0.46,Juryo6,tsukiotoshi,,
1355,Goken,46,88,42,0.48,Juryo5,yorikiri,Morita,
1368,Ryukozan,21,63,42,0.67,Maegashira10,yorikiri,Miyata,
1321,Dewanokuni,54,95,41,0.43,Juryo3,yorikiri,,
6013,Dewahayate,54,95,41,0.43,Juryo9,yorikiri,,
4330,Wakatsukuba,56,96,40,0.42,Juryo8,yorikiri,,
84,Tomikaze,59,99,40,0.4,Juryo8,yorikiri,,
4125,Shinko,52,90,38,0.42,Juryo6,hatakikomi,,
1423,Wakanoumi,31,69,38,0.55,Juryo4,yorikiri,Hanaguruma,Hanaogi
4323,Shiraiwa,70,107,37,0.35,Juryo7,uwatenage,,
61,Hokutohikari,42,79,37,0.47,Juryo10,oshidashi,,
101,Dewanofuji,57,94,37,0.39,Juryo9,oshidashi,,
11943,Hakuyozan,40,77,37,0.48,Juryo3,oshidashi,,
4322,Sanofuji,49,85,36,0.42,Juryo5,oshidashi,,
1325,Wakatosho,41,77,36,0.47,Juryo9,yorikiri,,
2909,Sakigake,53,88,35,0.4,Juryo10,yorikiri,,
4318,Tengoyama,43,77,34,0.44,Juryo7,yorikiri,,
1351,Ryugahama,44,78,34,0.44,Juryo7,yorikiri,,
1451,Tochiizumi,37,69,32,0.46,Juryo3,yorikiri,,
134,Fukuzono,36,68,32,0.47,Juryo9,yorikiri,Tsurunofuji,
1381,Dewanoshima,52,83,31,0.37,Juryo8,yorikiri,,
4334,Takuetsuyama,35,66,31,0.47,Juryo5,yorikiri,,
4321,Kaio,36,67,31,0.46,Juryo7,oshidashi,,
372,Chokairyu,33,63,30,0.48,Juryo9,oshidashi,,
1097,Oniarashi,51,81,30,0.37,Juryo7,oshidashi,,
662,Kotoyutaka,50,79,29,0.37,Juryo5,yorikiri,,
79,Kotoiwakuni,40,68,28,0.41,Juryo12,hatakikomi,Kotofujimoto,
8154,Higonojo,38,66,28,0.42,Juryo9,oshidashi,,
4316,Kakureizan,31,58,27,0.47,Juryo2,yorikiri,,
1300,Daiki,37,63,26,0.41,Juryo10,yorikiri,,
11947,Rikishin,34,60,26,0.43,Juryo10,yorikiri,,
4306,Ofuji,25,50,25,0.5,Juryo7,yorikiri,,
133,Genkai,38,63,25,0.4,Juryo12,oshidashi,,
1293,Chiyonowaka,36,61,25,0.41,Juryo9,yorikiri,,
7109,Chiyoarashi,33,58,25,0.43,Juryo10,oshidashi,,
132,Kotonomine,36,60,24,0.4,Juryo13,yorikiri,,
239,Maikaze,29,52,23,0.44,Juryo10,oshidashi,,
365,Kotokuni,42,65,23,0.35,Juryo4,oshidashi,,
12646,Hokuseiho,23,46,23,0.5,Maegashira6,yorikiri,,
4328,Hanaarashi,31,53,22,0.42,Juryo9,yorikiri,,
12076,Takanofuji,19,41,22,0.54,Juryo12,yorikiri,Takayoshitoshi,
12721,Kinbozan,24,46,22,0.48,Maegashira5,oshidashi,,
4097,Tamakiyama,26,46,20,0.43,Juryo11,oshidashi,,
140,Ohidake,27,47,20,0.43,Juryo7,yorikiri,,
1322,Hidenoumi,32,51,19,0.37,Juryo9,yorikiri,,
209,Asanonami,20,39,19,0.49,Juryo3,yorikiri,Ota,
103,Tochifudo,31,49,18,0.37,Juryo12,oshidashi,,
6622,Masakaze,34,52,18,0.35,Juryo12,yorikiri,Kitazono,
11972,Daiseido,37,54,17,0.31,Juryo12,oshidashi,,
1496,Seionada,36,52,16,0.31,Juryo9,oshidashi,,
1371,Ryujuyama,19,35,16,0.46,Juryo8,yorikiri,,
6012,Dewaotori,29,45,16,0.36,Juryo10,yorikiri,,
511,Yotsuguruma,29,45,16,0.36,Juryo8,yorikiri,,
12470,Kizakiumi,17,33,16,0.48,Juryo3,oshidashi,,
1433,Kitafubuki,22,37,15,0.41,Juryo9,yorikiri,,
1520,Hidenohana,17,31,14,0.45,Juryo5,hatakikomi,,
191,Kiyonofuji,18,32,14,0.44,Juryo11,oshidashi,,
1298,Kotoarashi,22,36,14,0.39,Juryo9,katasukashi,,
7111,Irodori,23,37,14,0.38,Juryo13,oshidashi,,
4109,Kotogatake,18,31,13,0.42,Juryo10,yorikiri,,
4325,Kiyomidake,18,31,13,0.42,Juryo13,oshidashi,,
4333,Tachinofuji,24,37,13,0.35,Juryo11,yorikiri,Tatsufuji,
1341,Seifuriki,22,35,13,0.37,Juryo12,yorikiri,Seifu,
1340,Taishin,21,34,13,0.38,Juryo9,kotenage,Murai,
83,Arashi,21,34,13,0.38,Juryo10,oshidashi,,
12162,Shonannoumi,5,18,13,0.72,Maegashira14,oshidashi,,
1357,Yamanishiki,22,34,12,0.35,Juryo10,tsukiotoshi,Yamazaki,
147,Toyonokuni,14,26,12,0.46,Juryo13,oshidashi,Minami,
240,Ichinotani,23,35,12,0.34,Juryo12,yorikiri,,
1054,Hitenryu,21,33,12,0.36,Juryo13,yorikiri,Mochimaru,
12320,Churanoumi,24,36,12,0.33,Juryo2,oshidashi,Kizaki,
1373,Fukunosato,16,27,11,0.41,Juryo13,yorikiri,,
1190,Kaonishiki,17,28,11,0.39,Juryo6,tsukiotoshi,,
940,Kotomisen,23,34,11,0.32,Juryo12,oshidashi,,
11809,Kotokuzan,22,33,11,0.33,Maegashira16,hatakikomi,,
12117,Bushozan,23,34,11,0.32,Maegashira14,oshidashi,,
12688,Gonoyama,5,16,11,0.69,Maegashira13,oshidashi,,
12796,Hakuoho,4,15,11,0.73,Maegashira17,yorikiri,,
4087,Wakajishi,18,28,10,0.36,Juryo2,oshidashi,,
4329,Fujinosato,12,21,9,0.43,Juryo13,yorikiri,,
1470,Tenkoyama,9,18,9,0.5,Juryo13,yorikiri,,
785,Furuichi,24,33,9,0.27,Juryo12,kainahineri,Komidori,
11850,Chiyozakura,18,27,9,0.33,Juryo11,yorikiri,,
12075,Kaisho,7,16,9,0.56,Juryo14,yorikiri,,
143,Daiden,10,18,8,0.44,Juryo13,yorikiri,,
5977,Takamifuji,12,20,8,0.4,Juryo13,oshidashi,,
1137,Sensho,22,30,8,0.27,Juryo14,yorikiri,,
12285,Asagyokusei,11,19,8,0.42,Juryo14,yorikiri,Tamaki,
4303,Suiryu,12,19,7,0.37,Juryo13,yorikiri,,
4324,Genkaiho,12,19,7,0.37,Juryo11,yorikiri,Rinho,
1383,Sekinohana,15,22,7,0.32,Juryo11,uwatenage,,
1344,Akinomine,13,20,7,0.35,Juryo11,hatakikomi,,
1318,Shigenoumi,13,20,7,0.35,Juryo11,yorikiri,,
238,Umenosato,11,18,7,0.39,Juryo13,yorikiri,,
1316,Oyamato,11,18,7,0.39,Juryo12,oshidashi,Shirasaki,
95,Hidenokuni,13,20,7,0.35,Juryo13,oshidashi,,
2820,Nakanokuni,12,19,7,0.37,Juryo12,oshidashi,,
4327,Hiyama,12,18,6,0.33,Juryo12,oshidashi,,
4331,Iyozakura,14,20,6,0.3,Juryo11,yorikiri,Ichiki,
1512,Fukuryudake,10,16,6,0.38,Juryo12,yorikiri,,
4337,Kiyononada,9,15,6,0.4,Juryo13,yorikiri,,
104,Wakaazuma,11,17,6,0.35,Juryo13,oshidashi,,
216,Raiko,15,21,6,0.29,Juryo11,oshidashi,,
12367,Ryuko,14,20,6,0.3,Juryo12,yorikiri,,
12664,Atamifuji,12,18,6,0.33,Maegashira15,yorikiri,,
4119,Kotowaka,11,16,5,0.31,Juryo13,yorikiri,,
4135,Oko,12,17,5,0.29,Juryo12,oshidashi,,
4326,Hanaryu,15,20,5,0.25,Juryo12,sukuinage,Shushi,
1360,Oishida,15,20,5,0.25,Juryo13,yorikiri,,
1152,Daiyubu,10,15,5,0.33,Juryo10,oshidashi,,
8903,Keitenkai,5,10,5,0.5,Juryo11,yorikiri,Kei,
12140,Takaryu,11,16,5,0.31,Juryo13,hatakikomi,,
4111,Zaonishiki,11,15,4,0.27,Juryo10,sukuinage,,
1653,Asahizakura,1,5,4,0.8,Makushita1,yorikiri,,
1346,Kengaku,12,16,4,0.25,Juryo11,yorikiri,,
1328,Yamanakayama,14,18,4,0.22,Juryo13,oshidashi,,
205,Fujinohana,3,7,4,0.57,Makushita1,yorikiri,Goto,
6512,Hishofuji,11,15,4,0.27,Juryo13,yorikiri,,
12015,Gokushindo,12,16,4,0.25,Juryo13,yorikiri,,
12575,Tohakuryu,6,10,4,0.4,Juryo1,hatakikomi,,
4129,Hakuryuyama,12,15,3,0.2,Juryo11,tsukidashi,,
5064,Byakuhoyama,2,5,3,0.6,Makushita2,tottari,,
4991,Shishuyama,7,10,3,0.3,Makushita1,yorikiri,,
1392,Akinokuni,1,4,3,0.75,Makushita1,shitatenage,,
86,Futatsukuba,14,17,3,0.18,Juryo13,sakatottari,,
1225,Asahimaru,6,9,3,0.33,Makushita2,yorikiri,Asamiyoshi,
136,Dewanosato,12,15,3,0.2,Juryo14,yorikiri,,
6506,Kairyu,1,4,3,0.75,Makushita2,oshidashi,,
4095,Wakanohana,4,6,2,0.33,Yokozuna,uwatenage,,
5070,Arai,2,4,2,0.5,Makushita3,hatakikomi,,
1430,Minenofuji,1,3,2,0.67,Makushita4,sukuinage,,
4315,Arashifuji,1,3,2,0.67,Makushita4,hatakikomi,Fujinoiwa,
4335,Ojishi,16,18,2,0.11,Juryo11,oshidashi,,
1463,Maemiyama,0,2,2,1.0,Makushita5,oshidashi,,
1418,Koganefuji,3,5,2,0.4,Makushita1,okuridashi,,
1336,Takanonada,2,4,2,0.5,Makushita2,tsukiotoshi,Nakajima,
128,Nishikikaze,3,5,2,0.4,Makushita1,oshidashi,,
126,Tochinoyama,3,5,2,0.4,Makushita2,oshidashi,,
102,Asahibenten,3,5,2,0.4,Makushita2,katasukashi,,
11764,Horyuyama,0,2,2,1.0,Makushita1,oshidashi,,
12717,Oshoma,2,4,2,0.5,Juryo3,oshidashi,,
6775,Hakusan,0,1,1,1.0,Makushita9,oshidashi,,
4988,Naruyama,1,2,1,0.5,Makushita2,sotogake,,
1442,Yuho,1,2,1,0.5,Makushita4,kubinage,,
5123,Amamifuji,0,1,1,1.0,Makushita4,uwatedashinage,,
1387,Suginohana,1,2,1,0.5,Makushita1,tsukitaoshi,,
1388,Tochisagami,2,3,1,0.33,Makushita1,oshidashi,,
1391,Mitsueyama,0,1,1,1.0,Makushita6,oshidashi,,
1393,Daishoryu,1,2,1,0.5,Makushita3,okuridashi,,
1394,Wakadozan,1,2,1,0.5,Makushita3,oshidashi,,
1395,Daitengo,3,4,1,0.25,Makushita1,yorikiri,,
188,Genkainami,1,2,1,0.5,Makushita3,kotenage,,
1398,Nanfu,1,2,1,0.5,Makushita1,tsukidashi,,
118,Midorifuji,3,4,1,0.25,Makushita1,hatakikomi,,
80,Otoryu,2,3,1,0.33,Makushita3,tsukitaoshi,,
106,Torafusuyama,2,3,1,0.33,Makushita5,uwatenage,,
315,Nadatsukasa,0,1,1,1.0,Makushita4,oshidashi,,
244,Kaishozan,0,1,1,1.0,Makushita2,uwatenage,,
1109,Daishoma,2,3,1,0.33,Makushita4,yoritaoshi,,
335,Shoketsu,1,2,1,0.5,Makushita4,oshitaoshi,,
866,Surugatsukasa,3,4,1,0.25,Makushita1,yorikiri,,
1052,Kihonoumi,0,1,1,1.0,Makushita2,tsukiotoshi,,
12484,Asanowaka,0,1,1,1.0,Juryo4,tsukidashi,,
12516,Roga,1,2,1,0.5,Juryo2,yorikiri,,
11976,Tamashoho,0,1,1,1.0,Juryo5,tsukiotoshi,,
6773,Taigiyama,4,4,0,0.0,Makushita4,none,,
6780,Tochiomi,1,1,0,0.0,Makushita8,none,,
4312,Kotonoryu,1,1,0,0.0,Makushita5,none,,
5063,Suiseizan,2,2,0,0.0,Makushita6,none,,
1390,Kondo,2,2,0,0.0,Makushita5,none,Toshoho,
1489,Maenoarashi,1,1,0,0.0,Makushita4,none,,
1425,Tobimaru,1,1,0,0.0,Makushita2,none,,
5051,Kyokueiko,1,1,0,0.0,Makushita5,none,,
1382,Takamishu,2,2,0,0.0,Makushita2,none,,
1384,Takamio,2,2,0,0.0,Makushita2,none,,
1386,Fuchita,1,1,0,0.0,Makushita3,none,,
159,Kiyota,2,2,0,0.0,Makushita2,none,,
178,Shoeito,5,5,0,0.0,Makushita3,none,Kirinowaka,
108,Ominato,1,1,0,0.0,Makushita3,none,,
119,Takamihana,1,1,0,0.0,Makushita4,none,,
121,Masunobori,1,1,0,0.0,Makushita2,none,,
312,Hokutomine,1,1,0,0.0,Makushita2,none,,
264,Shishio,3,3,0,0.0,Makushita1,none,,
334,Hokutojo,1,1,0,0.0,Makushita4,none,,
180,Wakainami,1,1,0,0.0,Makushita2,none,,
90,Fukkoyama,2,2,0,0.0,Makushita3,none,,
6643,Shimoda,1,1,0,0.0,Makushita1,none,,
1053,Kasugakuni,2,2,0,0.0,Makushita1,none,,
6483,Maeta,1,1,0,0.0,Makushita3,none,,
2858,Tochitsubasa,3,3,0,0.0,Makushita4,none,,
489,Chokozan,1,1,0,0.0,Makushita5,none,,
6476,Hakiai,1,1,0,0.0,Makushita2,none,,
9064,Tochiyashiki,1,1,0,0.0,Makushita4,none,,
6445,Shoho,1,1,0,0.0,Makushita4,none,,
9097,Kansei,1,1,0,0.0,Makushita3,none,,
6458,Yamatofuji,2,2,0,0.0,Makushita2,none,,
6646,Higoarashi,1,1,0,0.0,Makushita2,none,,
7156,Hokaho,1,1,0,0.0,Makushita7,none,,
8901,Kisenoyama,3,3,0,0.0,Makushita2,none,,
11965,Tochimaru,1,1,0,0.0,Makushita3,none,,
12141,Shiba,1,1,0,0.0,Makushita5,none,,
12369,Murata,1,1,0,0.0,Makushita1,none,,
11949,Kotodaigo,2,2,0,0.0,Makushita2,none,,
12013,Shimazuumi,1,1,0,0.0,Juryo3,none,,
